3154078b-0d2e-4086-908a-79cc24496219,96,90,,,,,3325,,,,,,,,,2 graczy,3 graczy,4 graczy,5 graczy,all
6b442ff4-0526-4f55-a767-f1f0ba71149b,124,114,,,,,486,,,,,,,41,,0,0,0,0,0
8c390baa-c5f6-4aeb-aba7-ed4c8e045b07,101,113,,,,,723,,,,,,,42,,0,0,"0,25","0,2",2
e086fe6e-14fc-4967-a5dc-a9ed54a1a50c,97,72,,,,,968,,,,,,,43,,0,0,0,0,0
94c8e76c-6f71-456c-b555-293e5f4aa45a,110,110,,,,,1140,,,,,,,44,,0,0,0,"0,2",1
6857b34f-681d-4e5e-9753-d22699563186,105,114,,,,,,,,,,,,45,,0,0,"0,25","0,4",3
20a28612-b5e9-4c8c-bc15-00d3b37835ab,110,119,,,,,,,,,,,,46,,0,0,0,"0,4",2
29f422e3-fca6-4778-969a-079d7074d298,125,115,,,,,,,wszyscy,2 graczy,3 graczy,4 graczy,5 graczy,47,,0,0,0,"0,2",1
0eeae0b6-e906-4603-8b43-4421dd2ef4a4,113,108,,,,,,max,180,163,178,159,180,48,,0,0,0,"0,4",2
5a78c9f2-01ad-43fe-b5b2-af23631d185f,120,120,,,,,,min,15,55,37,27,15,49,,0,0,0,"0,2",1
04fc94fc-36f4-4c70-a004-e8afd4844b58,123,110,,,,,,mediana,101,107,100,101,98,50,,0,0,0,"0,4",2
67b8e45b-1158-4452-b3db-4b05d1469bb6,106,91,,,,,,úrednia,"99,6899248120301","106,415637860082","100,001383125864","100,130165289256","96,2263157894737",51,,0,0,"0,25","0,4",3
b7d02258-fcbf-46c1-811e-7336cbbb21a8,98,118,,,,,,> 110,"25,71%","38,07%","38,27%","24,79%","21,14%",52,,0,"0,333333333333333","0,25","0,4",4
6f4c150e-1246-4edb-8eab-4da8628f7024,97,112,,,,,,> 120,"9,92%","14,81%","10,24%","10,12%","7,54%",53,,0,"0,333333333333333","0,25","0,4",4
b7bdc922-f2a6-42c4-9eff-c82c70da90ec,117,122,,,,,,> 140,"1,05%","2,26%","0,55%","1,14%","0,79%",54,,0,"0,666666666666667","0,5","0,2",5
789bb42d-1e12-4552-a3f1-4bb09f6b9d9e,88,110,,,,,,,,,,,,55,,"0,5",0,"0,75","0,4",6
fc332fbf-5b6a-48bc-85c8-be4435606dad,112,113,,,,,,,,,,,,56,,0,"0,333333333333333","0,5","0,4",5
47a6b2b5-f466-483f-8f96-1cc47370faf7,59,89,,,,,,,,,,,,57,,0,"0,333333333333333",0,"1,2",7
35c626a2-5943-447e-8211-5419c86224ea,100,110,,,,,,,,,x,,,58,,0,0,"0,5",1,7
81027092-0738-4914-8ffe-64496ed35198,100,91,,,,,,,,,,,,59,,"0,5","0,333333333333333","0,25","0,6",6
4ac54f0b-d567-486c-bc0c-6c9d4af4917e,94,107,,,,,,,,,,,,60,,0,0,"1,5",0,6
f1966bdc-562d-4bee-a62d-51799c7a2011,107,80,,,,,,,Weü 30 gier per kaødy player ,,,,,61,,"0,5","0,333333333333333","0,25",1,8
b2414056-4ef4-4012-b60b-9a6938f73e74,100,87,,,,,,,do learn_xpl.csv,,,,,62,,0,1,0,"1,4",10
4ce45599-b970-4b21-9768-d57f7341ae56,105,118,,,,,,,,,,,,63,,"0,5","0,666666666666667","0,75","0,6",9
3dc75304-8e4a-4705-a132-b079baa39f89,104,111,,,,,,,,,,,,64,,0,"0,666666666666667","0,75","0,8",9
741f61fe-298f-4c0f-b39a-6b42a85de6e3,106,90,,,,,,,,,,,,65,,"0,5","0,666666666666667","0,75","0,8",10
08840edf-a544-4e3b-84a8-7c16942116ca,124,163,,,,,,,,,,,,66,,"0,5",1,"0,25","1,2",11
9491b006-039f-4a0e-b432-af18637988ae,118,109,,,,,,,,,,,,67,,0,0,"0,25","2,2",12
926bb158-506e-4b30-9d30-f9df8ad2b157,103,94,,,,,,,,,,,,68,,0,1,1,"1,4",14
cfd4c946-6fc6-43eb-af70-1c22733d52fd,75,100,,,,,,,,,,,,69,,0,"1,66666666666667","1,5","1,4",18
5515c4ad-2115-4ebd-8fe0-e03bcd653eb1,107,125,,,,,,,,,,,,70,,"0,5",1,"0,25","2,6",18
02fe0109-81c8-4c2f-ad98-d85edb4ca581,92,107,,,,,,,,,,,,71,,1,"1,66666666666667","0,5","1,8",18
f0ffb73a-0795-491c-a213-c515f283c4ea,93,71,,,,,,,,,,,,72,,1,"0,333333333333333","1,5","0,8",13
e0d897a1-3608-4a6e-a75e-6419b36f4693,118,110,,,,,,,,,,,,73,,"0,5","1,33333333333333","1,75","1,6",20
63cc90b7-622a-4271-9e7e-d57edf560274,110,89,,,,,,,,,,,,74,,"0,5","1,33333333333333",1,2,19
3601d43f-b152-419e-9b24-3b9d415bb126,114,146,,,,,,,,,,,,75,,"0,5","1,33333333333333",2,"2,4",26
89dcf12b-1929-47e7-a3be-bddd7ddc9a27,97,138,,,,,,,,,,,,76,,"0,5","2,33333333333333","0,25","1,2",15
db175c79-b9b4-4f79-8f09-5de97f5f134c,129,117,,,,,,,,,,,,77,,"0,5",2,3,"4,2",40
9ace2d4d-29df-40ae-a513-a33cbb439893,112,101,,,,,,,,,,,,78,,1,"1,66666666666667","2,25","3,4",33
fail 2 in turn: 48,,,,,,,,,,,,,,79,,"0,5",4,2,"2,2",32
41897387-0147-4c55-ae37-c9cec698a3a7,95,70,,,,,,,,,,,,80,,2,"2,33333333333333","2,5","3,8",40
19beae50-93fb-477f-8067-b4a086ef67a9,113,105,,,,,,,,,,,,81,,0,"2,33333333333333",2,"2,6",28
173dc336-49c5-4763-a123-0cbb57c94a4a,127,104,,,,,,,,,,,,82,,1,"3,33333333333333","4,25","2,4",41
57e84ec4-9d92-4624-a978-c63ba67dc6ac,107,104,,,,,,,,,,,,83,,2,"3,33333333333333",3,3,41
05218ac8-8e72-4ebd-a8cf-2c78584a8fec,119,113,,,,,,,,,,,,84,,1,"5,33333333333333",4,"2,8",48
e239b919-aa6c-433f-9f35-b796d7e716a1,102,122,,,,,,,,,,,,85,,1,3,"4,25",3,43
2af7bfac-a64d-4872-930b-3ea586259e23,118,114,,,,,,,,,,,,86,,2,"2,66666666666667","3,75","5,4",54
264aaf90-9891-4a95-a1e1-5415b37f5ceb,104,106,,,,,,,,,,,,87,,4,"6,66666666666667",4,"3,6",62
1aa5a9d4-0b07-436b-8b71-af326afd4348,108,102,,,,,,,,,,,,88,,3,3,"5,5","3,2",53
896e9bfe-598d-4a81-9179-c9e84c65136d,93,72,,,,,,,,,,,,89,,"2,5","3,33333333333333","4,25","3,8",51
d198727d-ed03-4d10-acb0-3df768ccd2fb,95,115,,,,,,,,,,,,90,,4,"3,66666666666667","4,75","3,6",56
fcf8d045-15e8-4a44-8bd0-ab49d218a2e7,96,105,,,,,,,,,,,,91,,3,6,"3,75",5,64
2a022fc5-2058-49c8-b012-726ca5775ef4,102,98,,,,,,,,,,,,92,,4,5,"4,5","4,2",63
85587cca-23a8-421a-9c85-af0a65bf72df,129,118,,,,,,,,,,,,93,,4,"3,66666666666667",6,"3,8",62
861340ac-0f65-4caa-bfda-8a27b4457e4d,135,110,,,,,,,,,,,,94,,6,6,"3,5","4,4",66
0925337d-8c6c-487d-9cea-c3321e660dbe,116,112,,,,,,,,,,,,95,,"5,5","6,33333333333333",4,7,81
9dc0aeec-d2e7-4783-9390-a688e4a53133,101,102,,,,,,,,,,,,96,,"5,5","6,66666666666667",5,"4,8",75
55c276d5-42ae-4e78-981a-fec2d7191d57,88,119,,,,,,,,,,,,97,,"5,5",6,"4,75","6,2",79
078e4d4c-95a3-47ef-981a-f5c718fa9e44,88,80,,,,,,,,,,,,98,,5,"5,33333333333333","4,75","5,2",71
b87b6b82-7b55-42d1-b01e-bded8b3c40ae,129,109,,,,,,,,,,,,99,,"4,5","4,66666666666667",7,"6,4",84
915cb761-3e2a-4fbf-b5d1-e7e04d4e87ab,121,113,,,,,,,,,,,,100,,7,5,4,"7,2",81
72bdb204-4bc0-4605-9173-b0ca59789aea,92,89,,,,,,,,,,,,101,,"5,5","4,66666666666667","7,5","4,6",79
05499e45-b7b4-4507-a4ef-a73043d81464,112,106,,,,,,,,,,,,102,,7,"5,66666666666667","6,75",6,88
78d85fc4-cbb3-4bc6-9060-be9f38e3cca1,145,113,,,,,,,,,,,,103,,"4,5","6,66666666666667",5,"3,8",68
8b137a86-223e-433c-a1b9-3145c96dde91,133,97,,,,,,,,,,,,104,,7,"4,66666666666667","8,75","6,6",96
03f19e8b-aaa8-4ec2-84b6-22aae43cd815,123,91,,,,,,,,,,,,105,,"6,5","5,66666666666667","8,75","5,6",93
993f8140-3864-4ca4-a1cf-343eab12f6a8,122,121,,,,,,,,,,,,106,,6,"6,66666666666667","5,75","6,4",87
540b941b-b645-4b78-b8df-9b0e256d8d56,101,107,,,,,,,,,,,,107,,"9,5",9,6,"3,2",86
edcb08c8-c198-480f-86b0-f8a151529c51,87,105,,,,,,,,,,,,108,,"6,5","4,33333333333333","7,5","4,2",77
a6a5994c-9271-42f8-ba18-5070fa871909,97,107,,,,,,,,,,,,109,,"7,5","6,66666666666667","5,5","3,6",76
d667dd55-8ba6-417c-8385-2126fb309195,135,119,,,,,,,,,,,,110,,"8,5","4,66666666666667","5,5","3,4",70
a79c885c-a799-4c62-8a44-9bb214e1875c,115,112,,,,,,,,,,,,111,,"6,5",5,"3,75","2,6",56
48fd51fb-2e1f-4fb0-8896-34e632089596,133,106,,,,,,,,,,,,112,,10,"5,66666666666667","3,75","3,2",68
4b4f4233-3806-4da7-98d2-a6de881f58db,110,125,,,,,,,,,,,,113,,"8,5","3,66666666666667","3,75","3,4",60
825d1e09-5ea7-4f07-8efb-27c7b0c27df6,112,105,,,,,,,,,,,,114,,7,"2,33333333333333",3,"3,4",50
94fff753-354d-4b9c-932b-1fd7c480128c,102,88,,,,,,,,,,,,115,,"4,5","2,33333333333333","5,75","4,6",63
2128357e-34b3-4efe-b1da-8f93c57c0f2a,125,118,,,,,,,,,,,,116,,3,"6,33333333333333","2,75",4,56
fail 2 in turn: 45,,,,,,,,,,,,,,117,,"4,5",3,"2,5",3,44
fail 2 in turn: 46,,,,,,,,,,,,,,118,,5,3,"2,5","2,2",41
9afa02c2-7227-4098-8895-454de6dffceb,106,80,,,,,,,,,,,,119,,"4,5","3,33333333333333","4,5","3,8",56
505ba664-4ba0-4897-9b0b-c163ad80874d,95,114,,,,,,,,,,,,120,,3,"2,66666666666667","3,25","0,8",31
f5be2070-fa2f-4e59-ae63-fc8fd464488b,88,117,,,,,,,,,,,,121,,2,2,"2,75","1,8",30
fail 2 in turn: 45,,,,,,,,,,,,,,122,,4,3,"1,75","1,4",31
70e21a97-6f4e-4ecc-8e9b-d1b893f2ec4c,109,84,,,,,,,,,,,,123,,"2,5",2,"1,25","1,4",23
63b5f6d9-9802-4d2b-80e5-58ba90380113,107,102,,,,,,,,,,,,124,,"2,5","1,66666666666667","1,25","1,4",22
6e5e5cae-fb83-4799-a89e-61f1b86c9d56,99,109,,,,,,,,,,,,125,,"3,5",2,2,1,26
4a375a2d-1b67-4d1d-b46c-6068f68f5c84,112,114,,,,,,,,,,,,126,,"0,5","0,666666666666667","2,25",1,17
da95f1fa-1730-4165-9cb7-3b7aaf26f670,99,130,,,,,,,,,,,,127,,1,"1,33333333333333","1,5","1,2",18
ae09970e-556a-46ab-a7e6-904dfa07988a,110,117,,,,,,,,,,,,128,,"1,5","1,33333333333333","0,75","0,8",14
de366a4e-89fb-41b9-9830-3baec28e8933,98,130,,,,,,,,,,,,129,,"3,5",2,"1,25","0,8",22
1c76574a-46f6-4850-a0d2-c331a668ae1a,94,92,,,,,,,,,,,,130,,1,"0,666666666666667","0,75",1,12
a7cbc82f-8e3b-4ac4-8e9a-014ad0fe992d,106,115,,,,,,,,,,,,131,,"0,5","0,666666666666667","1,25","0,6",11
33425b7d-68e5-4627-b3e2-2b2f949dcac3,87,112,,,,,,,,,,,,132,,0,2,"0,75","0,6",12
dda4b975-5f30-4458-a757-cf121b3aeef5,119,135,,,,,,,,,,,,133,,"2,5","1,33333333333333",1,"0,6",16
8e1255fb-3d5f-4023-bfe8-efa5cb013fbb,82,92,,,,,,,,,,,,134,,"0,5","0,333333333333333","0,5","0,4",6
36cec97c-0c2d-4eb4-a88d-e3e9dc3f1697,100,102,,,,,,,,,,,,135,,2,"0,333333333333333",0,"0,6",8
205848e4-2a17-4f8d-bd1a-548e4027a6bc,96,103,,,,,,,,,,,,136,,1,0,"0,5","0,2",5
8fcd5fd6-8cc5-4819-9d0a-d4f1d8fd3655,129,111,,,,,,,,,,,,137,,"0,5","0,666666666666667",1,"0,2",8
b49a92d2-0732-422d-aaaf-0b8257f7b1ef,90,92,,,,,,,,,,,,138,,1,1,0,0,5
18f799a6-f2fc-4f05-871f-fb61a3cfe400,93,116,,,,,,,,,,,,139,,"0,5","0,333333333333333","1,25","0,2",8
e11ad9ab-a2ef-4952-877a-c71d7cff3ffb,104,104,,,,,,,,,,,,140,,0,0,0,"0,2",1
0e5553d9-841f-4854-9326-538fedc8e686,112,112,,,,,,,,,,,,141,,0,0,0,"0,4",2
a82d8449-4fc8-4716-bf8f-791385410a16,106,112,,,,,,,,,,,,142,,0,0,0,0,0
43eba8cd-43c5-4f82-ac67-844aa739850f,99,95,,,,,,,,,,,,143,,0,"0,333333333333333","0,75","0,2",5
33bcd7a3-174b-4677-b0ec-0d7aac38e25b,136,109,,,,,,,,,,,,144,,0,0,0,0,0
b5bbc670-52d9-4ac3-8da3-7daf2d987708,107,107,,,,,,,,,,,,145,,"0,5",0,0,0,1
1cc84924-81fe-4275-809d-f4ca407edaf4,105,91,,,,,,,,,,,,146,,"0,5","0,333333333333333",0,"0,2",3
576a4a48-148d-4286-94a1-0a23ba3b3302,65,96,,,,,,,,,,,,147,,1,"0,333333333333333","0,5","0,2",6
fail 2 in turn: 47,,,,,,,,,,,,,,148,,1,0,"0,25",0,3
6d5fa105-bf1c-4fcd-8570-37192f9d7f13,99,90,,,,,,,,,,,,149,,"0,5",0,"0,25",0,2
a2e53463-8ed5-4750-b801-261f72b4203e,103,106,,,,,,,,,,,,150,,0,0,"0,25",0,1
de874ac5-61ef-4d32-ad8e-7be80db20cd6,79,122,,,,,,,,,,,,151,,0,0,0,0,0
67a67f17-8a9b-485f-ae09-61cc9c5e38ce,98,102,,,,,,,,,,,,152,,"0,5",0,"0,25",0,2
d2c63e68-6d8c-490b-90c1-c539d5dd9b8e,112,112,,,,,,,,,,,,153,,"0,5",0,0,0,1
f102d288-6e02-42ac-85a4-29539ffc1d7d,101,109,,,,,,,,,,,,154,,0,0,0,0,0
313b9dda-bf83-48fe-a354-1e3329500c3b,113,107,,,,,,,,,,,,155,,0,0,"0,25",0,1
17fdf0f0-f131-4d74-a731-2b2b5f8478f0,115,120,,,,,,,,,,,,156,,0,0,0,0,0
791bed70-c8e0-4e09-a531-2c807d9d124e,112,91,,,,,,,,,,,,157,,0,0,0,0,0
1ad05925-856f-4eec-ab91-ed8324d2304d,102,124,,,,,,,,,,,,158,,"0,5",0,0,0,1
1e97d443-7e4f-4a50-8be8-91b5d1bf44b3,105,87,,,,,,,,,,,,159,,0,0,"0,25","0,2",2
c04621d8-d0bf-4e7b-9eb6-8cc8f6a9e48d,96,83,,,,,,,,,,,,160,,0,0,0,0,0
f558d9bb-622e-4648-95c2-41a766ff528f,96,89,,,,,,,,,,,,161,,0,0,0,0,0
64e01b3e-6013-4c2c-a469-376feb4a9101,126,114,,,,,,,,,,,,162,,0,0,0,"0,2",1
942e2a42-d1d2-440f-955e-8ed022c6494e,122,98,,,,,,,,,,,,163,,"0,5",0,0,0,1
7ad4217c-8851-48aa-8a29-54f70da1ba08,94,97,,,,,,,,,,,,164,,0,0,0,0,0
b3c24189-6e93-40e6-bebb-2bf7b6eefb30,122,128,,,,,,,,,,,,165,,0,0,0,0,0
94ae458f-34c5-4506-abe1-e329c1de4f63,101,111,,,,,,,,,,,,166,,0,0,0,"0,2",1
bdae7d28-b3eb-4b6f-b780-275932509db8,114,107,,,,,,,,,,,,167,,0,0,0,0,0
a00bf3b1-3479-4c4e-8669-dc67cb38616b,128,106,,,,,,,,,,,,168,,0,0,0,0,0
ae13b124-4255-4387-a64a-e305559050aa,111,104,,,,,,,,,,,,169,,0,0,0,0,0
6e36a89e-55f7-471f-949a-0b1bb6fa7bc9,95,147,,,,,,,,,,,,170,,0,0,0,0,0
fb270d05-278b-4fc2-906d-16ce1bea4aea,93,86,,,,,,,,,,,,,,243,"240,333333333333","241,75","227,2",3318
ece8c7e1-4653-4f8f-90f6-2706384a4d03,90,74,,,,,,,,,,,,,,,,,,
83ebf567-e725-45f8-81fe-826bf300835b,96,103,,,,,,,,,,,,,,,,,,
e2f5ebaf-af9d-4362-81b7-32266badef13,124,104,,,,,,,,,,,,,,,,,,
2991731b-564a-4d70-bf2a-5dad2b060c0a,100,105,,,,,,,,,,,,,,,,,,
79483ae0-82db-421d-a899-6f1875941019,118,100,,,,,,,,,,,,,,,,,,
e0f5bae2-4805-4390-91a8-9241bea0a053,112,119,,,,,,,,,,,,,,,,,,
9f1423d5-b2c2-4bf1-a6f2-5930e3312ee6,108,107,,,,,,,,,,,,,,,,,,
8fe4c317-0f58-4121-afa8-e9da12b91445,97,102,,,,,,,,,,,,,,,,,,
e2ec021f-121c-4791-94c2-05f1d52df2f9,98,105,,,,,,,,,,,,,,,,,,
0a037206-7e33-42b3-8a43-dd320e13f787,85,108,,,,,,,,,,,,,,,,,,
6e8a9381-ffd8-47a2-ae21-34f5ced462f7,93,99,,,,,,,,,,,,,,,,,,
fail 2 in turn: 49,,,,,,,,,,,,,,,,,,,,
909c03c6-ef2e-4e42-957f-9b8c29367172,98,110,,,,,,,,,,,,,,,,,,
4c89809d-3664-48dd-a09e-f8ee56a68686,127,113,,,,,,,,,,,,,,,,,,
aa8166f0-fbe7-4453-9d60-ca9d37377213,102,119,,,,,,,,,,,,,,,,,,
36cd35b9-ad9c-434e-81c4-440b991e6b1a,117,103,,,,,,,,,,,,,,,,,,
694ab161-702e-4d81-a13e-0b0f7e68d36b,95,112,,,,,,,,,,,,,,,,,,
2505dfd0-60c1-4037-9d1f-0eee76102a41,96,87,,,,,,,,,,,,,,,,,,
d501b1be-ecd3-4731-8554-38dbd71a1a88,109,92,,,,,,,,,,,,,,,,,,
e6757d11-2939-4b76-acba-868a16ee47e8,111,94,,,,,,,,,,,,,,,,,,
d3136e94-5128-48a8-a78c-772cba7f7cad,117,102,,,,,,,,,,,,,,,,,,
9545e38f-a963-4c9f-82c6-45cc0c85b34c,120,117,,,,,,,,,,,,,,,,,,
c7a26029-5263-4c1a-9565-41adb31fd1fb,119,86,,,,,,,,,,,,,,,,,,
9cea2a67-4372-4015-bce2-606725521ba1,128,112,,,,,,,,,,,,,,,,,,
c81d4b4b-b019-430c-a3c0-dd06f45046f7,76,104,,,,,,,,,,,,,,,,,,
f8000d9d-8e18-4866-a5fe-8e03489c20e7,71,113,,,,,,,,,,,,,,,,,,
26006204-e994-4f52-a091-3bed3ebf1728,111,129,,,,,,,,,,,,,,,,,,
daed7b4d-d8e5-4bca-94a1-dede00b40f1b,138,111,,,,,,,,,,,,,,,,,,
51daf42f-1e89-4672-b563-91b9d94fae50,137,115,,,,,,,,,,,,,,,,,,
ebace755-c7a0-4b1e-bb7d-e3329e212a83,110,55,,,,,,,,,,,,,,,,,,
53bec492-d154-4636-8fa2-7ff1d4ee13c6,98,99,,,,,,,,,,,,,,,,,,
9ebf9af8-8aa5-455f-882e-151a3950fcd4,114,86,,,,,,,,,,,,,,,,,,
25a92344-e509-4e47-8de6-10357bd82937,109,113,,,,,,,,,,,,,,,,,,
33cd2424-1108-4f46-a71e-cf25aa3ab468,123,110,,,,,,,,,,,,,,,,,,
b6ab5d2c-33c7-4225-935f-60c2656f28de,63,83,,,,,,,,,,,,,,,,,,
9268eeb3-76e2-421f-95bb-d01ab4289432,94,105,,,,,,,,,,,,,,,,,,
77cd719c-4511-43d1-a008-e34783ebaa8b,85,86,,,,,,,,,,,,,,,,,,
f6c837bd-720e-4ab9-9e02-6e5285d5b31e,100,108,,,,,,,,,,,,,,,,,,
758041c6-1f07-41ea-8b5d-b31f0ac4ea03,152,148,,,,,,,,,,,,,,,,,,
3a2e66b8-1c22-47db-bfb9-597df8926a2e,125,90,,,,,,,,,,,,,,,,,,
2f641602-b3d1-46d7-bf56-7d8d6da8e940,111,98,,,,,,,,,,,,,,,,,,
a74b8b12-9088-4a12-b2ea-20aa6b104783,108,111,,,,,,,,,,,,,,,,,,
34927e74-30f8-43b0-8345-947024a6b161,100,123,,,,,,,,,,,,,,,,,,
dfba4251-8d3f-4f10-b57a-24789b33fd4a,122,83,,,,,,,,,,,,,,,,,,
3a02df4b-6582-4ce8-b5b2-55b66c702a1d,93,118,,,,,,,,,,,,,,,,,,
7a7dbaf6-aebc-46e2-9fd7-4445ca955790,112,129,,,,,,,,,,,,,,,,,,
45db62d6-9099-4091-aa04-b0d92499533a,109,90,,,,,,,,,,,,,,,,,,
96def084-91fc-45e1-afaa-0525bc0b580d,90,108,,,,,,,,,,,,,,,,,,
58938fd5-3db9-4d62-9910-7525ac86e2d6,103,108,,,,,,,,,,,,,,,,,,
d9fa0c57-c886-4ab7-a2f4-9aedc7a8c2fd,109,106,,,,,,,,,,,,,,,,,,
1ec2f865-bec9-46d4-a80f-e3074f122819,124,115,,,,,,,,,,,,,,,,,,
5affd09b-824b-4c7a-b988-b5bf0ae4609d,78,122,,,,,,,,,,,,,,,,,,
ae49125a-2287-4fe8-9390-cf6ed1aa0993,101,103,,,,,,,,,,,,,,,,,,
0c841d57-8c18-4631-81a0-147c44f776ca,110,115,,,,,,,,,,,,,,,,,,
c09811ce-4bbc-4074-8e80-6dccf4697126,61,114,,,,,,,,,,,,,,,,,,
e21f38cf-781a-4a5e-8053-334e9c38d4f8,102,105,,,,,,,,,,,,,,,,,,
cf2ec6c2-b37d-4059-9dfc-327555d40211,153,135,,,,,,,,,,,,,,,,,,
fc75ffb0-edfc-4680-85d4-1acc0a75c384,102,112,,,,,,,,,,,,,,,,,,
5fba9be2-6a5b-487b-a3b4-669f2f5055c2,89,93,,,,,,,,,,,,,,,,,,
961d7ba9-c0b6-40fb-af26-1c455bafc21c,117,107,,,,,,,,,,,,,,,,,,
8d08bdca-b62f-4eba-a62a-3301fad079ae,101,94,,,,,,,,,,,,,,,,,,
3ac069c9-6b30-4bff-8296-efc496623db5,80,113,,,,,,,,,,,,,,,,,,
eb5a960d-9d3d-46de-8c5a-635b9df0d8b1,87,100,,,,,,,,,,,,,,,,,,
d2cce685-c9cd-46d8-abac-3e5993fbcc24,125,121,,,,,,,,,,,,,,,,,,
0bd03b35-6eaf-44b0-8648-43ab81878097,99,109,,,,,,,,,,,,,,,,,,
8e802043-f812-4bb7-b3cb-e03caeeaa6c0,108,100,,,,,,,,,,,,,,,,,,
21340809-655b-4b02-9b8c-e4098236f0ff,107,136,,,,,,,,,,,,,,,,,,
952b17ba-8921-4ddd-b76d-d3f2da05f81b,119,111,,,,,,,,,,,,,,,,,,
87d7d495-e67b-4b56-9796-6999d78c5c8a,113,110,,,,,,,,,,,,,,,,,,
2dd8f535-eb37-436b-85cc-1860e3a9b95b,97,107,,,,,,,,,,,,,,,,,,
360ef4b6-6ddc-470f-a9ac-c350df1d6e69,113,113,,,,,,,,,,,,,,,,,,
a2ac4205-781f-40ac-9cac-2935c435051b,84,95,,,,,,,,,,,,,,,,,,
50e9b981-e0c5-4165-bffc-c638f45036fd,97,73,,,,,,,,,,,,,,,,,,
6aef1773-0f03-402f-a442-4f9e59a7865f,158,109,,,,,,,,,,,,,,,,,,
9d68c578-9487-4a48-ba5f-5481f03eb19f,77,94,,,,,,,,,,,,,,,,,,
c828b22a-8ed2-4a9f-a0f4-8d14578b6c59,97,104,,,,,,,,,,,,,,,,,,
04ae25c8-25ea-4b48-97d7-353763941a60,95,95,,,,,,,,,,,,,,,,,,
5f6f9b92-3107-4221-95ce-5bdce98f1cae,108,117,,,,,,,,,,,,,,,,,,
52cf0651-4fcc-4713-b1a8-12d0e1d56763,101,120,,,,,,,,,,,,,,,,,,
f5452e89-37f5-416a-8ae4-b5f2af2eefca,94,116,,,,,,,,,,,,,,,,,,
d764dffa-9ab4-4299-84ad-606244b8854d,103,108,,,,,,,,,,,,,,,,,,
59b0cd39-194b-4e03-afa8-963e5c4245e2,101,100,,,,,,,,,,,,,,,,,,
9801714a-645c-4d79-acf6-05ae9975c956,111,118,,,,,,,,,,,,,,,,,,
8a8a0e23-83ef-4d19-bc9d-33d2eb36abd7,96,114,,,,,,,,,,,,,,,,,,
b99adeeb-4577-4ef5-b8a5-2edfc992fd0d,96,104,,,,,,,,,,,,,,,,,,
9cd3ad7b-0de0-4305-b8f0-af051972a013,100,114,,,,,,,,,,,,,,,,,,
b224a8d4-a36e-4a87-993f-960330fc82f9,116,131,,,,,,,,,,,,,,,,,,
07c8c336-33dd-40cb-8c43-3944203b6463,107,104,,,,,,,,,,,,,,,,,,
ddb54f3d-a2d3-41ce-96fe-ae4a161e783a,87,78,,,,,,,,,,,,,,,,,,
5b026f3f-c882-4cfc-9968-cecbdba99222,98,94,,,,,,,,,,,,,,,,,,
23df14b1-9769-4a8e-b2b0-6bdb0e5f056b,107,129,,,,,,,,,,,,,,,,,,
f96ab57d-fc65-4650-85d8-b91b26debbc5,87,88,,,,,,,,,,,,,,,,,,
1fdbcd8a-99d2-4015-a6dd-ff3f328cfaff,109,111,,,,,,,,,,,,,,,,,,
35d2f331-a2dd-4efd-b375-b2cdaa0da34d,94,108,,,,,,,,,,,,,,,,,,
8bda45d2-0021-4d20-accb-8eea0b29aded,99,95,,,,,,,,,,,,,,,,,,
57d36a05-48f6-4599-a523-ab61a8ac5b6a,95,120,,,,,,,,,,,,,,,,,,
fail 2 in turn: 46,,,,,,,,,,,,,,,,,,,,
50638409-a24f-49e9-ae32-6dcbc8be3e03,104,83,,,,,,,,,,,,,,,,,,
5036ee38-0ae6-4ce0-93e1-942e954d6542,113,115,,,,,,,,,,,,,,,,,,
2c718bd8-4e41-48a8-b9f6-5b90fa163ade,94,109,,,,,,,,,,,,,,,,,,
a93c6c27-cfb2-4f76-8635-4df2e26c2f07,93,104,,,,,,,,,,,,,,,,,,
9a1a077a-3d4d-491f-a56a-fd638fb6f911,101,91,,,,,,,,,,,,,,,,,,
27dbcbdd-d6aa-4b40-adb7-4403fde4e291,148,123,,,,,,,,,,,,,,,,,,
987f840f-ea4d-4d07-a17a-07c46282a4c3,106,92,,,,,,,,,,,,,,,,,,
23da2c93-3e47-4f6f-92b8-a587740e2018,105,113,,,,,,,,,,,,,,,,,,
3a43007a-9ecd-4d9c-b2c7-65f5dc82028a,108,110,,,,,,,,,,,,,,,,,,
dcc8f9cb-105f-4b39-af3a-d8a737bc1179,103,100,,,,,,,,,,,,,,,,,,
fb28a0a2-522b-4203-a606-df17b7bd1acc,133,133,,,,,,,,,,,,,,,,,,
1d5df7ce-ede8-445a-9ee8-08102838be50,114,107,,,,,,,,,,,,,,,,,,
9b59b5e9-1f08-496e-9d22-a0259dc49059,139,111,,,,,,,,,,,,,,,,,,
bada9165-f357-4ea1-862b-4ec5db665356,92,66,,,,,,,,,,,,,,,,,,
14a1a5e9-2136-4a33-9379-40b1c794629e,125,121,,,,,,,,,,,,,,,,,,
c4f1f129-4b33-40dd-a72b-3779655b9dcb,134,116,,,,,,,,,,,,,,,,,,
984ba0f9-dbd6-4828-bfb5-a7208f1d3281,82,96,,,,,,,,,,,,,,,,,,
362e8d5d-deb3-4934-ae9e-8c350c02e32e,149,114,,,,,,,,,,,,,,,,,,
aee1d27f-5d17-4e55-a1fb-4fbef4afdaf6,133,147,,,,,,,,,,,,,,,,,,
8a161c33-ef70-43df-8961-b3671591ebd1,109,116,,,,,,,,,,,,,,,,,,
95b3b043-ee98-4e73-a855-85aaedcf70d0,97,99,,,,,,,,,,,,,,,,,,
b4e715b5-7106-49e7-a503-87684466d279,88,95,107,,,,,,,,,,,,,,,,,
fail 3 in turn: 45,,,,,,,,,,,,,,,,,,,,
d0a5c5e2-745c-457f-a9b0-9cf4032fdcdb,116,116,107,,,,,,,,,,,,,,,,,
db863d17-057e-437e-8fae-87ce04a381d1,91,120,86,,,,,,,,,,,,,,,,,
212436ef-fe4a-4eb8-8791-1cdb5c243e5c,91,101,94,,,,,,,,,,,,,,,,,
65fba576-7b60-4196-882c-7cd9599dc22a,109,120,96,,,,,,,,,,,,,,,,,
98e49ab4-065e-44ce-946c-2f8d941f4802,78,92,114,,,,,,,,,,,,,,,,,
5d4a65e6-7cf7-4a6b-acae-4db41b95bdf3,77,82,88,,,,,,,,,,,,,,,,,
dda8bf61-d9b3-41a8-867b-9f7805ebb0a7,110,84,133,,,,,,,,,,,,,,,,,
5e29c991-8190-4cd8-9c33-92eaef0124e3,104,113,121,,,,,,,,,,,,,,,,,
fc272068-07df-4d73-bf6b-c4ca80ddcef0,65,94,119,,,,,,,,,,,,,,,,,
5f4af37f-d1e5-4c12-92a0-7be850e336f2,109,106,117,,,,,,,,,,,,,,,,,
30fd10be-c64e-422e-841c-97b08ce8baff,79,77,102,,,,,,,,,,,,,,,,,
41c55539-56c7-4d55-ad64-9a5c01c9565a,115,96,87,,,,,,,,,,,,,,,,,
85b6b484-a5b2-4cc5-8013-d39f574b6674,96,125,97,,,,,,,,,,,,,,,,,
2a9a1110-841d-4380-b854-3d9a744a5d9a,122,71,77,,,,,,,,,,,,,,,,,
14f0f260-fb5e-4467-a3ff-e301a63f5e1c,118,116,83,,,,,,,,,,,,,,,,,
1b31bdcf-9c7f-458c-9e29-3b484c6b6188,84,79,111,,,,,,,,,,,,,,,,,
dcd335fc-35c7-491c-98b0-92fca20e10ae,107,88,105,,,,,,,,,,,,,,,,,
361e5759-2036-492b-843a-c8b1ee8dc77f,105,84,99,,,,,,,,,,,,,,,,,
2c30279f-1dad-46f2-8cd5-71a32b78dffa,103,112,81,,,,,,,,,,,,,,,,,
d0b6a1f0-093b-4836-ab1c-8031245ea3d4,103,87,110,,,,,,,,,,,,,,,,,
1188258f-2509-45c6-8b6d-49401ba4b64e,114,138,122,,,,,,,,,,,,,,,,,
765da5a8-2c03-4131-95f8-e69092c2cd81,129,112,106,,,,,,,,,,,,,,,,,
120275d9-c9ce-4242-9476-3fa0a2ac14d1,94,123,104,,,,,,,,,,,,,,,,,
354375d1-3213-460b-a9a8-8d2e5b6db285,82,91,83,,,,,,,,,,,,,,,,,
29f07896-6f79-4a95-a335-5f7a3fdda3be,106,137,106,,,,,,,,,,,,,,,,,
c0f9b57d-73d4-43b9-acb8-558ce0af97fd,104,99,106,,,,,,,,,,,,,,,,,
79b5f62e-b457-4098-ad19-947cd67d5571,87,124,132,,,,,,,,,,,,,,,,,
5000e1f2-3972-4c95-8a13-61ffae7ce636,98,116,107,,,,,,,,,,,,,,,,,
019c37b4-5aaa-4a8c-838c-9f7ac5a3b2c4,133,98,108,,,,,,,,,,,,,,,,,
de83882d-5313-4980-a1da-12b2bfc0df24,102,128,130,,,,,,,,,,,,,,,,,
17ca4eef-ee8f-40fc-8d66-f1ff7e8a0ece,104,110,109,,,,,,,,,,,,,,,,,
6a0e96d2-ea7d-4584-ad91-e224d00b7481,108,81,81,,,,,,,,,,,,,,,,,
a99b8059-adee-40c9-bcc1-5978e0da1ea6,79,109,98,,,,,,,,,,,,,,,,,
dcf13f8e-6ba0-40ac-a3cf-a871cde59e21,116,54,124,,,,,,,,,,,,,,,,,
1bcc5cae-457f-4a43-82e9-eb95f0b7c625,98,85,85,,,,,,,,,,,,,,,,,
5a64c465-b489-4833-b9fb-7bc0de1fa469,90,71,95,,,,,,,,,,,,,,,,,
12f6aead-10a8-4464-b32c-6b1fc0eaf41a,83,82,112,,,,,,,,,,,,,,,,,
9c700669-2bcd-4b05-ad9b-c835715d272a,80,89,120,,,,,,,,,,,,,,,,,
791757a2-f7d4-4e11-ac95-c246bcd77428,92,54,81,,,,,,,,,,,,,,,,,
1c945af2-ecd7-4930-9458-6808793fea98,111,119,111,,,,,,,,,,,,,,,,,
d1e50d9f-7e90-4fef-a824-86fa112fea9b,100,76,107,,,,,,,,,,,,,,,,,
d306754d-1513-4133-8891-177efdd71b21,93,110,95,,,,,,,,,,,,,,,,,
c04533e2-87b3-4b1a-b7bd-8ba6d79386e1,66,94,88,,,,,,,,,,,,,,,,,
0172f539-9119-4da8-9e10-6690f156fb95,93,52,108,,,,,,,,,,,,,,,,,
ac51ed66-73f7-44a9-bcef-321418b20dc6,83,98,113,,,,,,,,,,,,,,,,,
0a11f82a-7301-413a-83da-7a17e9751daa,95,79,106,,,,,,,,,,,,,,,,,
f128db59-05a4-488b-a765-6aaaf2ba1f2c,117,90,100,,,,,,,,,,,,,,,,,
8bcc427a-7759-4e4a-b438-0bc880550ea0,79,113,102,,,,,,,,,,,,,,,,,
9eebbc51-32d7-44cf-a4f1-841c3656b10e,103,118,105,,,,,,,,,,,,,,,,,
e104903c-4025-4fe2-b8cc-a0267b52cbaf,75,100,66,,,,,,,,,,,,,,,,,
411a88a9-8d2e-40dc-b0d7-9e4fb2d815e2,84,103,86,,,,,,,,,,,,,,,,,
46b1584d-f97e-45b1-a6b3-30b5c20c92e1,76,96,97,,,,,,,,,,,,,,,,,
06a7c08d-acca-4fb5-99fd-cef9b21e8a9b,115,96,95,,,,,,,,,,,,,,,,,
75193aa1-3dc4-4055-b38d-111652ae9c3e,103,109,91,,,,,,,,,,,,,,,,,
45958b5d-9959-4836-b776-0a0a85fe2925,113,127,100,,,,,,,,,,,,,,,,,
685db529-ad10-47cd-bf1d-65397dc96869,133,117,116,,,,,,,,,,,,,,,,,
207d092c-76f0-460d-b757-64b620991a85,125,120,98,,,,,,,,,,,,,,,,,
599e9b6a-a4cd-4333-9243-cc39e52cd3d6,93,107,109,,,,,,,,,,,,,,,,,
f52d95cc-6f43-4a3e-a836-6b4e8f73f0c6,100,99,76,,,,,,,,,,,,,,,,,
01d7e50b-2305-4e40-96ab-b95a435a9638,96,97,114,,,,,,,,,,,,,,,,,
01f8c70d-caf8-444c-bbca-198be4a1b7e1,93,64,106,,,,,,,,,,,,,,,,,
f21cea2d-945b-45e5-ada2-4eb717739ac5,146,103,107,,,,,,,,,,,,,,,,,
4f012f3b-cbf8-45cc-a6a2-03f563837d3d,89,129,112,,,,,,,,,,,,,,,,,
6c912205-5265-4b4e-9aeb-a4200f4fe102,92,73,131,,,,,,,,,,,,,,,,,
04871baa-5819-41d9-8676-4a7ad298fad9,74,53,103,,,,,,,,,,,,,,,,,
9e74df36-6b9c-4349-8704-a8e7ae49b19e,113,94,92,,,,,,,,,,,,,,,,,
55e0f6e8-6b79-4758-af2a-116a4ff980f1,102,37,112,,,,,,,,,,,,,,,,,
e8f39148-0903-49b4-a105-147c616043d9,101,91,123,,,,,,,,,,,,,,,,,
c2c7475e-b5fa-4a67-bc53-d73ecf48cda6,116,100,99,,,,,,,,,,,,,,,,,
4a63da0f-b63d-487b-af9d-a5b708be40f3,132,103,77,,,,,,,,,,,,,,,,,
baf81ebb-550c-428f-ada6-3f85283ed814,89,137,104,,,,,,,,,,,,,,,,,
37c76620-6549-4154-90e6-da40fa1abef2,84,91,108,,,,,,,,,,,,,,,,,
6e13b40a-fc83-4156-8c80-93426bc1664d,97,107,99,,,,,,,,,,,,,,,,,
fdc9e348-a7d5-4efe-abc6-1cba55466918,78,89,84,,,,,,,,,,,,,,,,,
efbab194-e939-4a5d-86a7-3429072b0cbb,93,91,100,,,,,,,,,,,,,,,,,
77753331-f7bc-4c1c-b95f-7821bb6c52f3,100,68,124,,,,,,,,,,,,,,,,,
c38a60d6-56b0-4f18-a8f5-6e73c18f56ca,106,87,73,,,,,,,,,,,,,,,,,
cea2dd33-ad2f-4429-bba6-33546faa6eb7,112,107,107,,,,,,,,,,,,,,,,,
e234e72c-5818-4280-b0a0-3b089ca9a578,99,106,129,,,,,,,,,,,,,,,,,
8fb3d0d3-917b-4aa5-806b-526bbcba425c,104,92,116,,,,,,,,,,,,,,,,,
5d2a935f-735f-42a3-8487-ce7129ff605e,108,91,84,,,,,,,,,,,,,,,,,
d6b2b6a9-38c0-4365-857e-f577ba366207,92,79,126,,,,,,,,,,,,,,,,,
2dff99a3-dddf-4423-9dc6-59d4bd840c54,122,88,95,,,,,,,,,,,,,,,,,
63ed5b8c-8470-4762-af50-87fac87b5e91,96,112,87,,,,,,,,,,,,,,,,,
7beca308-4e5d-4ea2-8aac-58394f97f3e3,112,118,86,,,,,,,,,,,,,,,,,
b84864f0-3309-464c-8caf-5d46bb93066f,90,84,99,,,,,,,,,,,,,,,,,
fail 3 in turn: 43,,,,,,,,,,,,,,,,,,,,
7fe12b32-3b83-420b-9016-493cb9748980,82,107,120,,,,,,,,,,,,,,,,,
6353fcca-88d5-4945-8dab-04542a3a72fa,92,93,97,,,,,,,,,,,,,,,,,
8a164c23-9c75-4102-bc7d-32e35bb8664c,125,123,98,,,,,,,,,,,,,,,,,
bf213aec-4693-4e1a-b3c4-324f08ad735e,130,97,99,,,,,,,,,,,,,,,,,
1a89bdd2-0d73-4913-a341-bd667ce7c289,82,70,100,,,,,,,,,,,,,,,,,
a1cb2da9-155c-4d53-a985-40e76904c890,109,100,119,,,,,,,,,,,,,,,,,
fda46382-6438-4932-896a-dcc6c5136f26,87,129,118,,,,,,,,,,,,,,,,,
c5aa9997-9876-4f1c-9b1c-aabcc21231d6,123,89,96,,,,,,,,,,,,,,,,,
aaa5dabd-c512-432b-8401-acf86bca9d2b,88,93,106,,,,,,,,,,,,,,,,,
74b1b332-a4bf-4e1e-a61e-ab226898ca11,71,128,120,,,,,,,,,,,,,,,,,
a7ba7eb9-66d9-4b35-84e2-6503739cfaae,92,138,102,,,,,,,,,,,,,,,,,
69daeed7-71e0-41f2-a32c-db78780d57c8,105,103,129,,,,,,,,,,,,,,,,,
c8fb110b-b9db-4770-84f4-a8e97f0603d5,102,103,104,,,,,,,,,,,,,,,,,
b3a5e826-4548-4e25-b132-c30b4431e042,78,104,87,,,,,,,,,,,,,,,,,
ce0db64b-ba6d-40d8-aa9b-e9713eb45db6,138,118,115,,,,,,,,,,,,,,,,,
d590e9d2-045e-4d30-a664-deb86fb232fe,97,83,94,,,,,,,,,,,,,,,,,
9fd4cc97-02f2-4c70-bf75-a9bd15ebe8fd,99,68,96,,,,,,,,,,,,,,,,,
9402ccda-60a6-437e-8554-b30e8a3192c1,132,117,105,,,,,,,,,,,,,,,,,
3257e92c-be80-4d61-9d03-6d26b0738d1f,70,105,101,,,,,,,,,,,,,,,,,
1b8d1ebf-bfa3-433d-bf27-13db8388ea0e,71,90,110,,,,,,,,,,,,,,,,,
fail 3 in turn: 41,,,,,,,,,,,,,,,,,,,,
d387d3ed-ffbc-403d-bb1a-77b3fb1e87ba,97,84,102,,,,,,,,,,,,,,,,,
2ab9cbf7-4cb1-4b84-bbd8-4ff15e5ef097,118,94,127,,,,,,,,,,,,,,,,,
0d0b2369-b475-491b-a68b-e2fa972ac16f,87,95,90,,,,,,,,,,,,,,,,,
f96be616-b927-4b77-9886-da32c19f8dac,78,105,74,,,,,,,,,,,,,,,,,
d1edb190-332c-4374-a676-899cdcb21dfb,111,103,75,,,,,,,,,,,,,,,,,
be25ed55-fb90-4266-9f34-55e7380f34ee,94,94,74,,,,,,,,,,,,,,,,,
1cf0f7f8-85b7-4eca-9b1a-870b55093fb0,99,61,134,,,,,,,,,,,,,,,,,
cc0b3cd0-8f06-4260-8a0d-b93a3948bc12,119,91,94,,,,,,,,,,,,,,,,,
fail 3 in turn: 42,,,,,,,,,,,,,,,,,,,,
33916fda-542c-42fc-9fef-290b6962f4bf,104,83,101,,,,,,,,,,,,,,,,,
545277c2-d81e-4cd6-a948-1523c293cadd,83,83,110,,,,,,,,,,,,,,,,,
daee6217-2694-4f5e-bb25-e777c69e2563,91,109,101,,,,,,,,,,,,,,,,,
e2bf6993-82eb-41d6-82ad-ca849ad20a63,94,110,93,,,,,,,,,,,,,,,,,
7cdc69a9-a1af-4605-95d7-dc21d1191762,115,85,96,,,,,,,,,,,,,,,,,
47801593-3839-4207-8cf7-758640bc11c8,84,86,122,,,,,,,,,,,,,,,,,
4d6a74ae-0d76-44dd-a5b1-54eadba47591,95,82,70,,,,,,,,,,,,,,,,,
62e6d53f-834c-4b9f-bb87-5b7e27eef399,95,107,79,,,,,,,,,,,,,,,,,
cfefb66a-2ebb-44fe-8493-7cd20b194bc0,103,91,103,,,,,,,,,,,,,,,,,
070bb4e7-a279-4ef0-b8a6-e24bfab91950,118,100,84,,,,,,,,,,,,,,,,,
f7d689c8-20e3-4a07-9b6c-5d0c4ebad6c6,95,69,110,,,,,,,,,,,,,,,,,
34d1a632-1a43-48e5-9452-748fb07cdb09,63,108,93,,,,,,,,,,,,,,,,,
6d87ab89-8647-4285-97e8-b33590f4e97d,84,82,101,,,,,,,,,,,,,,,,,
f8489070-cafe-4bb9-9b1d-d3e2a8c1ecb7,116,85,79,,,,,,,,,,,,,,,,,
f7f85f19-4ee8-4925-8e20-22c5678b41e7,116,86,115,,,,,,,,,,,,,,,,,
6c6bcbbe-48a3-4aca-862c-25736e576139,107,87,76,,,,,,,,,,,,,,,,,
3680cea2-0f60-4901-bdbb-f62cadef708a,125,127,90,,,,,,,,,,,,,,,,,
d8a64e78-3a64-495a-84e3-98de7665f18c,84,147,106,,,,,,,,,,,,,,,,,
1718592f-0eaf-472c-9cdb-b8165f8d312b,91,97,75,,,,,,,,,,,,,,,,,
de5331c2-3330-4b80-a883-af9f87efc889,108,84,96,,,,,,,,,,,,,,,,,
b4bde909-a3ec-4f1c-b132-17f50d3a4adc,57,78,107,,,,,,,,,,,,,,,,,
e081a688-2702-45e0-8ef1-e6dcd0fc39d2,113,114,79,,,,,,,,,,,,,,,,,
f4785b97-a9a6-4974-89f4-7d507a846e36,111,98,111,,,,,,,,,,,,,,,,,
50c7c90a-3263-4884-9324-8894aa2cd812,124,96,119,,,,,,,,,,,,,,,,,
867fd4af-d983-4fa6-ba28-7d34e057f9c8,75,94,84,,,,,,,,,,,,,,,,,
e440a0bb-afd4-44bb-a1b8-16b009d03c69,100,104,91,,,,,,,,,,,,,,,,,
db2b570c-19ca-497a-989a-572cf7b859e5,93,76,108,,,,,,,,,,,,,,,,,
9ce39327-979b-4687-abd3-cb49cda961e4,98,90,118,,,,,,,,,,,,,,,,,
b42a22a6-8d8b-4a39-86c7-eb920e9795f1,69,100,119,,,,,,,,,,,,,,,,,
85df8fb4-59fa-4de8-8e1f-7beac364c4f7,110,94,116,,,,,,,,,,,,,,,,,
0b028aa7-da52-409d-abbb-8a55aca888c9,102,107,111,,,,,,,,,,,,,,,,,
9466d916-ba56-49b0-8bd0-3ca40ac1a5a3,105,133,85,,,,,,,,,,,,,,,,,
2258da5f-60c0-444a-ac72-89140d19ec2e,74,103,114,,,,,,,,,,,,,,,,,
4e8248af-f665-4423-b651-c37fe5f49d46,110,94,94,,,,,,,,,,,,,,,,,
600495f9-3fe0-4b39-9b3c-06fb4bf747c0,101,121,117,,,,,,,,,,,,,,,,,
34f6537c-8fc3-4251-a1ad-c3b50938682f,82,139,87,,,,,,,,,,,,,,,,,
fee170a7-094f-46b5-81f8-0e7ba4568449,83,94,109,,,,,,,,,,,,,,,,,
37b596fb-c99d-43fb-934e-2de980d3cd92,124,86,105,,,,,,,,,,,,,,,,,
69d3c5a8-b2a2-419b-82bd-5e3f60a5466d,101,66,101,,,,,,,,,,,,,,,,,
191d6c03-d944-4753-ae46-79ab05e2b693,81,87,87,,,,,,,,,,,,,,,,,
e92893da-5c7a-4c81-8bb3-c03581e4f42d,119,128,113,,,,,,,,,,,,,,,,,
309c2eaa-83e2-46b9-a88e-35fef9e8b36f,81,108,106,,,,,,,,,,,,,,,,,
80fcdc04-d42d-46b6-9168-84e2b665b26a,63,116,89,,,,,,,,,,,,,,,,,
fail 3 in turn: 45,,,,,,,,,,,,,,,,,,,,
5b4da061-7855-4e01-be31-2fbe8aa0ddf5,116,126,107,,,,,,,,,,,,,,,,,
a4e856b1-9f0f-43aa-8f16-847b475077cd,99,122,94,,,,,,,,,,,,,,,,,
b1b50558-282c-4aec-b213-0cefe00e27a7,100,113,119,,,,,,,,,,,,,,,,,
e5d5e6ff-2139-4c9d-b847-7cf791cd075f,107,92,87,,,,,,,,,,,,,,,,,
ad1286fb-b878-4322-89cb-1f789a9bbdb4,85,62,92,,,,,,,,,,,,,,,,,
fail 3 in turn: 40,,,,,,,,,,,,,,,,,,,,
58e29b88-841a-479a-a1ca-f31ab8dfce94,122,107,117,,,,,,,,,,,,,,,,,
1e22512b-712d-4575-bb0d-eeb897058dc0,80,117,109,,,,,,,,,,,,,,,,,
8a3e8f6f-e9ed-41fd-875b-2d90647a021a,103,73,93,,,,,,,,,,,,,,,,,
c5b81b43-368b-435e-bfbd-1399d7c9e259,129,100,105,,,,,,,,,,,,,,,,,
7dcb51bf-de24-4aed-9412-d277089f05dc,108,105,89,,,,,,,,,,,,,,,,,
d3557457-b920-4971-90ec-91a86af6702a,92,95,105,,,,,,,,,,,,,,,,,
480d6ac9-e105-4b5d-b623-dcc7abfb4f0e,106,116,112,,,,,,,,,,,,,,,,,
6ae5ee64-146a-456f-b126-ff3c6f793a27,72,109,84,,,,,,,,,,,,,,,,,
420755d6-30ee-44e1-9647-08735d419782,108,132,115,,,,,,,,,,,,,,,,,
498ddbbb-dfcd-4815-8fbc-e07c587b63e7,101,106,85,,,,,,,,,,,,,,,,,
00e331b0-8926-4556-ad9b-8f5eff97cdf1,97,107,97,,,,,,,,,,,,,,,,,
2102c902-6b8c-4dc1-ba8d-0f9acb662cc5,71,106,87,,,,,,,,,,,,,,,,,
dbc46f1a-5b8e-4bf4-9ae1-b393e83183a5,111,102,96,,,,,,,,,,,,,,,,,
81a2fe71-d87b-483f-8bf1-e320d8a433c8,95,81,69,,,,,,,,,,,,,,,,,
fail 3 in turn: 46,,,,,,,,,,,,,,,,,,,,
4d3c010d-f1ba-4e93-999b-6cb73caccbf9,88,76,135,,,,,,,,,,,,,,,,,
e7583917-c834-40a2-98ac-428b11fc787e,110,114,73,,,,,,,,,,,,,,,,,
a477ae1e-7181-4541-b999-74ae0d12b9a2,103,90,87,,,,,,,,,,,,,,,,,
805350b7-43c0-458c-8ecd-532bd577028a,106,121,132,,,,,,,,,,,,,,,,,
9c3a87d3-b249-4a7d-8c88-45e07116c410,56,97,91,,,,,,,,,,,,,,,,,
c8c0d34e-a811-4fb4-af0b-41de376c7d9f,92,87,79,,,,,,,,,,,,,,,,,
d8fbd678-bd00-4ba0-85d3-a6b27a654c20,102,107,102,,,,,,,,,,,,,,,,,
6e0ce426-4654-49c9-9f56-e5b28675208c,131,95,102,,,,,,,,,,,,,,,,,
7bb8e6df-3066-453e-a4f5-573aa4717116,118,95,69,,,,,,,,,,,,,,,,,
12fb821e-4281-425c-b16f-6db57518afc8,121,108,95,,,,,,,,,,,,,,,,,
cfd339fa-f7aa-4602-854f-d502473c2c9b,76,89,125,,,,,,,,,,,,,,,,,
f98244c9-2986-468b-b94e-78c71dea0106,128,132,103,,,,,,,,,,,,,,,,,
a7ba46ef-d574-4e3a-b77f-32c0ea983a6d,95,110,98,,,,,,,,,,,,,,,,,
9861acd7-0533-425e-a72a-7dc656439aca,82,108,90,,,,,,,,,,,,,,,,,
1be5579f-fa26-410f-a9a6-7c28139ecbc5,95,89,114,,,,,,,,,,,,,,,,,
dc94d4dd-35b5-4612-a57e-0e45b0b61239,127,111,92,,,,,,,,,,,,,,,,,
86e7b6b7-35a0-4013-9efc-263522b89a82,122,98,103,,,,,,,,,,,,,,,,,
eee3660c-1619-4e8a-a5a6-3513cf8db07d,111,88,112,,,,,,,,,,,,,,,,,
56573686-b2aa-451b-9d39-d353ebe9af41,98,103,105,,,,,,,,,,,,,,,,,
88793716-285f-4ca6-8bce-be8e4c9771af,101,178,112,,,,,,,,,,,,,,,,,
ba8110ec-7cf8-4ed6-ae42-93e055f1f931,105,92,87,,,,,,,,,,,,,,,,,
49dc6100-a6f6-485b-9392-6e763e4c43ef,109,109,102,,,,,,,,,,,,,,,,,
455a2197-6626-479e-bdfd-1897534aa25c,116,83,96,,,,,,,,,,,,,,,,,
c3370367-a8a6-4bb4-afb3-d526caa6aaa0,87,80,59,,,,,,,,,,,,,,,,,
2a933c66-e69a-4b95-b8ba-00e0e1601511,107,116,143,,,,,,,,,,,,,,,,,
9e0f545b-7fe8-45d8-94dd-a1a5efcc24f9,80,113,104,,,,,,,,,,,,,,,,,
dc0d7531-1db0-45ba-be33-c98184c7943f,96,68,91,,,,,,,,,,,,,,,,,
a747fdbd-da23-4b19-8648-60840222455f,102,111,91,,,,,,,,,,,,,,,,,
69b283f4-9180-4f8c-be2a-0eafcd562d9c,85,96,112,,,,,,,,,,,,,,,,,
7bdb7c53-5531-4a5b-8ec1-d7baf997821d,107,113,62,,,,,,,,,,,,,,,,,
3dab29da-3abd-4c5c-8a63-18ae3fb9bf6b,96,99,86,,,,,,,,,,,,,,,,,
fail 3 in turn: 40,,,,,,,,,,,,,,,,,,,,
686255a9-38fc-44b2-874f-b3295be8e4c8,111,109,116,,,,,,,,,,,,,,,,,
7dcf62aa-0fae-4214-9503-335be2c77347,122,97,112,,,,,,,,,,,,,,,,,
9522f7ac-810d-4dfd-9460-4cfc8161feba,99,120,80,,,,,,,,,,,,,,,,,
57b3828a-7ced-4086-923c-d0f7ca46aa41,94,107,79,,,,,,,,,,,,,,,,,
14d38f41-e714-4cc6-aa48-ad5a20923b90,69,91,98,,,,,,,,,,,,,,,,,
89b40fe1-f878-4e52-bec8-db9da076adb7,112,109,97,,,,,,,,,,,,,,,,,
388e17dd-22b2-4ba3-931f-2304122d72fa,95,107,91,,,,,,,,,,,,,,,,,
c662221d-62ef-4621-8126-df99bb7ca583,82,115,105,,,,,,,,,,,,,,,,,
909ea80b-c14e-40f9-9524-b12b040502a1,125,109,116,,,,,,,,,,,,,,,,,
53507ab6-0f77-4de0-922b-6984eb7236c5,121,113,96,,,,,,,,,,,,,,,,,
a3023803-5d96-43eb-8886-c6cde4e26b46,88,101,111,,,,,,,,,,,,,,,,,
44524c54-c8cf-4353-b07d-32ff4730048f,80,111,105,,,,,,,,,,,,,,,,,
04c7bd73-2318-42b0-ba42-3f10c35e5b8f,102,121,102,,,,,,,,,,,,,,,,,
d6d4b408-0ed2-4f15-aef0-856a81f38d97,97,77,117,,,,,,,,,,,,,,,,,
9714eace-1c9f-46d2-b710-5e2ea2ed406a,101,65,97,,,,,,,,,,,,,,,,,
7cdc96db-9413-4b78-b886-6322d8d14156,104,112,122,,,,,,,,,,,,,,,,,
1ebf7f8f-9df0-43ec-b13d-10f09d16cc3c,77,97,97,,,,,,,,,,,,,,,,,
4a2dbf51-f0b5-4a3e-98ae-d60fa786390e,104,105,119,,,,,,,,,,,,,,,,,
aa6634d3-8f71-4881-a0c8-7628d5ef6522,112,116,79,,,,,,,,,,,,,,,,,
0af756f1-f544-4057-9801-2e2f28d9d4de,62,107,95,,,,,,,,,,,,,,,,,
da168726-c544-4b17-85a1-e4af95e20a0a,99,111,109,,,,,,,,,,,,,,,,,
2dbb80cb-f247-468c-9832-601b24633e6c,89,87,98,,,,,,,,,,,,,,,,,
3c88a0bf-442c-4c6a-9269-f849cb8b3df7,92,123,101,,,,,,,,,,,,,,,,,
197e2bc4-4fbd-4056-89e7-c6f2386aaee2,117,120,85,,,,,,,,,,,,,,,,,
ff80813c-ca83-4eb7-8cd2-a34a33b1d2af,98,96,106,,,,,,,,,,,,,,,,,
8fdbc93a-729a-4688-b2ad-e7d29c355a3a,104,90,64,,,,,,,,,,,,,,,,,
4d36febf-8ff0-47e9-880f-2e8d821fa706,109,86,98,,,,,,,,,,,,,,,,,
116cc5a7-5652-4986-9e69-64765e33df73,107,110,106,,,,,,,,,,,,,,,,,
612c3170-27a9-4ec2-953a-3b23575f511e,109,102,106,,,,,,,,,,,,,,,,,
fail 3 in turn: 40,,,,,,,,,,,,,,,,,,,,
5868e168-120f-43bc-a136-df35fb0a6c41,87,103,90,,,,,,,,,,,,,,,,,
c521e94d-d153-4d7c-a33a-c0edc578a283,123,119,109,,,,,,,,,,,,,,,,,
1eb59cc3-4fd4-4793-acff-acd10f7487d9,112,96,110,,,,,,,,,,,,,,,,,
500fe194-2f1c-42c4-a3e0-89fbed9c327d,107,106,80,,,,,,,,,,,,,,,,,
5d67d005-0755-4517-b277-c5f8fbab8ebc,89,115,105,104,,,,,,,,,,,,,,,,
ba8ea6e1-6128-4f26-8fc5-bf1e4c25da58,77,104,103,114,,,,,,,,,,,,,,,,
6c0c8ed8-9d77-4012-a867-49915be0c647,75,92,137,111,,,,,,,,,,,,,,,,
9beda9d0-a9af-4d54-bbb9-1d6dc59cb088,149,99,96,111,,,,,,,,,,,,,,,,
ff6616f7-352a-46bf-abe6-154ddddf422e,84,85,104,115,,,,,,,,,,,,,,,,
c0229668-8108-4a43-8d45-6e50c901acc1,82,89,102,113,,,,,,,,,,,,,,,,
7e48f0ea-f02e-49bc-80bc-db71bcd77b1e,78,98,84,105,,,,,,,,,,,,,,,,
49c8935e-f6c5-4371-94fc-86397e63f7d3,126,98,103,105,,,,,,,,,,,,,,,,
d9ee555f-634e-47ea-986b-fbc47dbd4dbd,92,85,88,105,,,,,,,,,,,,,,,,
a23359a0-12e6-4e29-8737-e5240fd4c5b4,101,99,117,82,,,,,,,,,,,,,,,,
1c1433f4-4781-4faa-8206-4187ee17579f,115,109,118,85,,,,,,,,,,,,,,,,
a6b36f54-68b7-48e9-ad37-4a7c671f10be,95,88,90,110,,,,,,,,,,,,,,,,
ed646088-0d83-4b0a-9b34-6ba4fb95efc8,92,80,86,101,,,,,,,,,,,,,,,,
722c2d92-049e-40ea-b6b1-3fabc1e01a11,85,132,82,94,,,,,,,,,,,,,,,,
906b48f0-8b71-4004-9b02-6e8fcefa9bf5,86,87,105,119,,,,,,,,,,,,,,,,
fbc1400d-01f8-4cf3-b51f-954cfc3eceff,100,121,89,91,,,,,,,,,,,,,,,,
37d7285b-3739-4e92-9ad6-5b0c9547ccd7,103,115,115,104,,,,,,,,,,,,,,,,
56ac1d82-2c0b-4cd6-98d9-085aebcab9c3,92,120,109,121,,,,,,,,,,,,,,,,
083a3904-6e95-44ae-a5f1-64f0678e3144,77,79,78,106,,,,,,,,,,,,,,,,
45dc614c-692c-42d0-8f40-331b385cd9bb,81,108,108,108,,,,,,,,,,,,,,,,
e4eccc16-9601-47a8-b2b9-d4c27ebe55a5,84,98,119,107,,,,,,,,,,,,,,,,
5dd6e1cf-9ed1-4bc3-8003-862a3261fad1,109,102,111,114,,,,,,,,,,,,,,,,
52257b94-2113-4739-af9c-232969ea44ca,110,117,99,101,,,,,,,,,,,,,,,,
70df8dc4-e030-4f0c-9fb9-6142c1c706c1,93,99,101,83,,,,,,,,,,,,,,,,
3e24d7ae-1f03-49b7-a553-57493f36a557,104,90,92,95,,,,,,,,,,,,,,,,
f83a3dbc-686b-464c-8ddf-bb3ab0d18d54,126,78,80,131,,,,,,,,,,,,,,,,
dbed1ef8-58c9-4395-8506-353e27fc2fa4,101,92,102,111,,,,,,,,,,,,,,,,
5d74879e-f8ff-4dce-b636-08c2010640c2,96,81,107,101,,,,,,,,,,,,,,,,
745581ab-71ab-4e8a-b968-07e51af16a5e,110,101,87,116,,,,,,,,,,,,,,,,
56e64778-6a83-4ed4-a172-aa36f075bb67,92,79,105,105,,,,,,,,,,,,,,,,
f12f98b8-0e46-4a41-9362-e0397d7bd5e7,109,111,102,113,,,,,,,,,,,,,,,,
b992c85b-cab3-44c7-a62f-cad3bac9996b,105,110,97,114,,,,,,,,,,,,,,,,
f7d44886-b32b-41a5-aa2b-1b58a8b9218f,85,78,79,110,,,,,,,,,,,,,,,,
0cb7a7ba-8169-4952-bfad-10a0e22bb46a,111,106,75,107,,,,,,,,,,,,,,,,
7b9243f7-18df-4f08-847b-e7d8cf9174b7,104,101,119,96,,,,,,,,,,,,,,,,
533285d5-3964-4af8-880c-ae7c8c22646d,99,112,93,119,,,,y,,,,,,,,,,,,
a35909c1-90c7-4898-be0a-6cc0662af0ec,128,99,85,112,,,,,,,,,,,,,,,,
de05d6c2-0a2b-4dda-8924-dcd603d23144,114,91,104,106,,,,,,,,,,,,,,,,
ee868b27-e00a-4449-ba55-b676f8a8246f,143,133,104,108,,,x,,,,,,,,,,,,,
801cd4b1-61bc-4151-b8df-0fdea90598e6,115,63,81,113,,,,,,,,,,,,,,,,
cb957074-b9f7-4e42-b23d-9113d453194c,93,122,99,108,,,,,,,,,,,,,,,,
c216a9c3-5985-4327-97fe-f637bfdea8a3,103,106,90,85,,,,,,,,,,,,,,,,
c01201d6-5f48-4962-87c9-fbf520f89ab9,102,84,108,92,,,,,,,,,,,,,,,,
617c4639-c8ba-473d-a329-bac246702082,58,104,56,113,,,,,,,,,,,,,,,,
a3667926-068d-41f6-9375-9c2959c55281,68,109,104,86,,,,,,,,,,,,,,,,
b63f8751-3fbb-45b0-8d8b-cc2d03d7dad4,136,78,92,112,,,,,,,,,,,,,,,,
b57b6d87-730b-469e-a642-429f24227b62,98,133,94,131,,,,x,,,,,,,,,,,,
6cbd5cd0-14d7-42c4-b643-d35c7fcfb080,59,91,86,95,,,,,,,,,,,,,,,,
0f07065b-b0ed-4b0d-9f96-21dafdd1719c,106,132,88,95,,,,,,,,,,,,,,,,
6372605f-9a6b-4f8c-b75e-428f5d205530,83,85,105,99,,,,,,,,,,,,,,,,
62011003-e9ab-4bdf-a7c5-9d177f3a8c55,84,98,87,82,,,,,,,,,,,,,,,,
847d3fac-1690-46fb-a527-215b7b01515a,102,79,69,86,,,,,,,,,,,,,,,,
1534970c-fb61-4511-b78a-068bbc3dee26,105,73,104,108,,,,,,,,,,,,,,,,
c157bb7e-ca3d-4d27-9df7-119703976ec1,107,105,109,100,,,,,,,,,,,,,,,,
8dec90f5-2d17-4dad-a7a8-c5246e915367,116,118,119,109,,,,,,,,,,,,,,,,
421bbbad-d41b-4c80-8b00-418ce9ff8412,120,105,106,109,,,,,,,,,,,,,,,,
4fd60da4-6639-4342-a80f-1971b8298ed9,60,105,94,95,,,,,,,,,,,,,,,,
a73d968d-ecdb-4e0b-8457-6ac70c79d2d0,121,88,92,115,,,,,,,,,,,,,,,,
29e47cee-e144-4973-9978-304bd73d9c8d,109,115,87,92,,,,,,,,,,,,,,,,
d6d18c09-f340-4c9c-b8b5-1652d23db9af,92,77,27,103,,,,,,,,,,,,,,,,
a466c9e9-5685-4627-8eb4-4331c903fa56,61,104,82,108,,,,,,,,,,,,,,,,
e8605a9f-5fbe-40b7-a7ac-f9abc275a7cc,107,74,98,82,,,,,,,,,,,,,,,,
f0c5dd78-6d30-453e-a87f-d1ab1e402504,77,97,86,130,,,,,,,,,,,,,,,,
8d071aee-eb81-4934-824c-acf8012e5d0e,92,74,104,83,,,,,,,,,,,,,,,,
2ae66d1a-a2f4-40f0-81b7-13a1cb184e0b,110,104,121,98,,,,,,,,,,,,,,,,
2fc6a64a-74ec-46c5-8e49-d73bf0cd0685,103,92,94,111,,,,,,,,,,,,,,,,
88cb2e28-bf4e-4a4a-a8e9-2449129ba408,110,101,116,90,,,,,,,,,,,,,,,,
ce3f8d7e-4a67-4de8-95ca-f56e3317c78d,98,100,54,105,,,,,,,,,,,,,,,,
a071228e-0828-432d-b69a-d26a4a4f2913,87,77,76,99,,,,,,,,,,,,,,,,
0b2d588a-f5fc-49c1-8764-73fe049af8ff,98,104,150,123,,,,,,,,,,,,,,,,
61cddb3d-b2c9-4955-9456-bbef3fa81c2c,98,106,113,121,,,,,,,,,,,,,,,,
3e0ffd16-3e19-4061-a384-927c080608b3,125,99,97,88,,,,,,,,,,,,,,,,
909fe6b5-7b58-47db-be96-4f58657f0779,81,92,88,107,,,,,,,,,,,,,,,,
9dcc51a7-b4c3-4762-9ccb-044bdd5b7eb5,114,159,110,88,,,,,,,,,,,,,,,,
ed77705d-18c3-48a0-987c-1c74a41018e6,89,102,106,113,,,,,,,,,,,,,,,,
632af018-efbf-4bb0-95fb-4c5ca2ab6956,88,107,83,89,,,,,,,,,,,,,,,,
1432c031-36b5-481f-a80f-1b2419e1c23c,93,122,78,88,,,,,,,,,,,,,,,,
b20ae718-40e6-4709-8146-46ce41c808f2,101,90,107,101,,,,,,,,,,,,,,,,
079905fd-b19a-4689-ab82-6037fd5aee0b,109,104,82,100,,,,,,,,,,,,,,,,
185772af-6fb1-4e07-8f16-5bcd4fc168d4,115,45,107,108,,,,,,,,,,,,,,,,
499ff780-0a7e-4eb5-926e-d5704e641a71,77,69,81,112,,,,,,,,,,,,,,,,
145dd822-e2bf-4750-851e-e2c82f44153f,125,120,98,105,,,,,,,,,,,,,,,,
0b09eee8-9fa9-464b-ba24-0e3a1c6b431b,94,112,113,96,,,,,,,,,,,,,,,,
16b08e8a-1a0a-49db-9fb3-524cfe9ebbb9,105,87,84,126,,,,,,,,,,,,,,,,
aab2e34d-67f2-4e39-896c-9919ec870349,93,90,115,112,,,,,,,,,,,,,,,,
9370befd-3cca-4bce-bd77-09d5edf60f43,77,60,63,102,,,,,,,,,,,,,,,,
e8cbc901-dc5b-42e3-922e-40693b20a22a,72,105,82,102,,,,,,,,,,,,,,,,
4649eb6b-b879-4f7f-8130-0eca046f899b,102,101,99,101,,,,,,,,,,,,,,,,
5fe038ab-58db-405a-a10e-b370017d6198,99,108,84,93,,,,,,,,,,,,,,,,
13b2b3f2-36c1-41ed-a8ce-f5a238db8f82,105,94,108,96,,,,,,,,,,,,,,,,
0817b2ea-6f40-4ee6-a8b6-3a00209a96c2,82,73,100,97,,,,,,,,,,,,,,,,
06689ac5-ad1e-45f0-8e28-8083a8bbc659,90,117,97,89,,,,,,,,,,,,,,,,
d6652f37-ddfa-469d-8222-fb35fdd0dc37,96,88,97,102,,,,,,,,,,,,,,,,
563f0ec9-c811-46d5-99bc-c4ae7726645f,84,96,80,106,,,,,,,,,,,,,,,,
711ab6a8-637e-4e77-aa8b-26679f9d58dd,124,102,110,105,,,,,,,,,,,,,,,,
7f1ad95a-36d9-464c-9f17-3e8029e063f6,99,78,125,108,,,,,,,,,,,,,,,,
dfbbf602-c253-41b4-9465-13778558997a,93,121,107,121,,,,,,,,,,,,,,,,
d8f5753a-221e-4369-bbe1-6fd8fb1cf56f,84,108,73,119,,,,,,,,,,,,,,,,
5f0c5db2-e0ca-4342-96b7-b3c36593c677,93,130,102,137,,,,,,,,,,,,,,,,
15d148d4-bd8a-4da4-8d1b-8fa5a52e42fa,139,125,109,120,,,,,,,,,,,,,,,,
f86291ff-1897-426b-bc86-195a8072c968,96,87,91,110,,,,,,,,,,,,,,,,
ed5b56bd-71e8-4c7b-b40a-12dc6ec3c825,93,97,115,127,,,,,,,,,,,,,,,,
6de8a318-933d-4823-b0a4-9523c7f846a2,106,93,85,110,,,,,,,,,,,,,,,,
8638e70e-f074-460c-a60b-993e55c4fc4e,87,102,104,115,,,,,,,,,,,,,,,,
1e301087-8650-4cb0-b4bc-3de49203f818,94,105,109,87,,,,,,,,,,,,,,,,
e714a175-b8ec-48a7-b228-bbb9742710e1,72,87,107,113,,,,,,,,,,,,,,,,
88bf14d3-fb30-4a4d-9e6e-edf9d20ac077,93,127,127,103,,,,x,,,,,,,,,,,,
dfe0b1a8-9317-4653-9fba-5b7c24fb3043,80,83,64,96,,,,,,,,,,,,,,,,
594b9c90-4ab4-406d-b3d5-ee9d30f249ac,83,108,78,101,,,,,,,,,,,,,,,,
cb0e650e-6efd-4c91-a920-81b6e1d26a07,77,81,123,103,,,,,,,,,,,,,,,,
3bf11e54-305a-4213-824a-0cbcf0b6f8c4,93,88,107,89,,,,,,,,,,,,,,,,
367a57e4-8c9e-4844-86f0-307e27695cf1,60,89,79,105,,,,,,,,,,,,,,,,
a561acd7-3369-4e2e-af27-2772e473d7c3,103,104,113,128,,,,,,,,,,,,,,,,
93c42d0f-74af-4caf-a219-402310a405e5,136,123,108,110,,,,,,,,,,,,,,,,
fail 4 in turn: 47,,,,,,,,,,,,,,,,,,,,
f1aa720d-3f1b-41d3-b47b-d3436986cfc6,137,118,99,111,,,,,,,,,,,,,,,,
987daedb-13a8-4375-8213-0bf60292f57c,65,55,80,68,,,,,,,,,,,,,,,,
ab7daadd-f8bd-4e88-b0c9-71eb713bc4e8,90,107,93,105,,,,,,,,,,,,,,,,
94d4fbe8-b76b-4b98-89b8-e75e628ab329,115,105,97,124,,,,,,,,,,,,,,,,
00133ae7-1f34-42e2-91e3-2eecdf4da71e,89,106,101,115,,,,,,,,,,,,,,,,
9163261f-3a9c-43da-ac97-48dd72782957,99,111,103,119,,,,,,,,,,,,,,,,
936c2b1d-d941-4a21-86d9-1c32eada9d3c,94,86,98,120,,,,,,,,,,,,,,,,
6c507c76-0c23-4239-a48d-3de87df78696,103,115,111,106,,,,,,,,,,,,,,,,
99d87f8b-06ee-43c0-8911-a880174db8b2,114,104,107,90,,,,,,,,,,,,,,,,
277ccb50-6f93-4228-9843-73a7c01630d8,105,106,107,116,,,,,,,,,,,,,,,,
7c459924-6b88-4c2d-94c9-382b3e3194fc,100,125,105,133,,,,,,,,,,,,,,,,
c6274a3c-9ea2-4565-95ba-2f9174e72301,107,91,102,111,,,,,,,,,,,,,,,,
9a53f539-6b3d-4728-895b-8d10c6de0637,91,95,90,106,,,,,,,,,,,,,,,,
94b9615f-00db-4a84-a992-aca0ee880dcf,106,115,84,121,,,,,,,,,,,,,,,,
d410c9de-7703-4879-acdb-a1b965016468,109,98,83,96,,,,,,,,,,,,,,,,
cf5fa8d3-fd11-4fa3-ae47-5034b89a9e06,123,99,108,95,,,,y,,,,,,,,,,,,
13c959cc-9abc-4ac5-98c9-363426438fb1,130,88,86,98,,,,,,,,,,,,,,,,
b954590a-e680-49eb-a083-01d9d67baeaf,106,102,101,119,,,,,,,,,,,,,,,,
18c09e50-3f14-4707-9ed4-421156e3fd31,103,93,107,119,,,,,,,,,,,,,,,,
2eafd442-f5c7-4325-b2f2-ce3d2625d370,93,86,77,107,,,,,,,,,,,,,,,,
c7252e85-0c7d-4e7f-8c14-bf2c8c8dd5a0,85,55,96,94,,,,,,,,,,,,,,,,
3e672f71-2dc2-49e4-b40c-156b2f05b9bc,69,104,87,126,,,,,,,,,,,,,,,,
85d042fa-7ddd-4798-baf1-8af5bc96cc4c,114,75,113,65,,,,,,,,,,,,,,,,
54c90577-cb60-46fd-a4e8-f3b56b09de60,113,127,97,96,,,,,,,,,,,,,,,,
97ceb310-f6ea-4e1b-85f1-b29595f25b11,118,117,91,112,,,,,,,,,,,,,,,,
84fbd9b5-5d1e-4511-8411-511bca7ad617,95,71,112,125,,,,,,,,,,,,,,,,
042a1115-57a5-4b66-af72-36314bf21841,109,143,127,55,,,,,,,,,,,,,,,,
e7f30320-782c-40e7-a902-0600a88b708f,95,102,73,83,,,,,,,,,,,,,,,,
d952302a-57d9-4875-8c6c-d828eea89249,100,133,75,103,,,,,,,,,,,,,,,,
3b753242-bb72-4d17-8068-b7d9da987baf,100,111,116,94,,,,,,,,,,,,,,,,
088b9d16-4257-4028-a9f4-d411f655d7da,110,119,83,105,,,,,,,,,,,,,,,,
0a73e5d8-5a61-4fd1-8cee-0ee2a1495283,79,104,88,97,,,,,,,,,,,,,,,,
dbd0d33c-bbfe-413a-a01d-307753d07862,102,95,101,101,,,,,,,,,,,,,,,,
65dd3c43-6777-49f1-b009-53d123dea8eb,104,97,129,118,,,,,,,,,,,,,,,,
f013fa2f-d7f5-4792-8f82-30abd2eeb163,89,105,89,117,,,,,,,,,,,,,,,,
b7fad267-0d44-4ccc-ad5d-022ebc842fd4,90,84,107,104,,,,,,,,,,,,,,,,
0395555a-6265-49b1-a837-f1de71b0866e,102,89,91,113,,,,,,,,,,,,,,,,
7e5fba98-bb64-4271-9c5c-d7d704fa6507,83,67,108,72,,,,,,,,,,,,,,,,
faefd337-c148-4d3b-8557-fdd9e50936fa,105,115,93,114,,,,,,,,,,,,,,,,
fail 4 in turn: 44,,,,,,,,,,,,,,,,,,,,
ecbbd560-667e-4b76-8f59-526fd2623966,104,118,82,95,,,,,,,,,,,,,,,,
26f2178f-b1f7-4dcf-b604-13afa582196e,131,109,119,96,,,,,,,,,,,,,,,,
36bc3e29-e035-4843-a63f-2aecccb2b2ec,98,108,147,98,,,,y,,,,,,,,,,,,
d53c3ae9-dad7-4be4-8f39-71e6ed514a5b,77,101,69,123,,,,,,,,,,,,,,,,
49cc6b2b-fade-47dd-b800-51abfaf4ad4b,82,116,80,75,,,y,,,,,,,,,,,,,
9b39fd72-6e19-4af7-a8b4-6dcf213d2dea,96,108,89,124,,,,y,,,,,,,,,,,,
e4c44242-913f-4f2e-81b0-bb5ab2da0698,89,115,99,106,,,,,,,,,,,,,,,,
61dddb52-759c-4678-bd0a-678191da1c14,73,91,117,75,,,,,,,,,,,,,,,,
437088dd-1fa2-44c5-9fd2-245645ef033f,126,101,97,137,,,,,,,,,,,,,,,,
fail 4 in turn: 43,,,,,,,,y,,,,,,,,,,,,
4d2af649-323a-45b6-914b-9fe5697cbd2e,114,106,124,87,,,,,,,,,,,,,,,,
8e40a2c1-0ca1-4236-a18b-1305c50072ef,102,79,103,117,,,,,,,,,,,,,,,,
039d022f-b282-4613-a231-82f6d3d005cb,107,88,100,85,,,,,,,,,,,,,,,,
e921d29f-cf9f-449c-87f6-5db01d69bc7f,127,89,143,90,,,,,,,,,,,,,,,,
73db7e07-ed8c-4a04-9a15-33e8a3b61d4b,96,99,99,88,,,,,,,,,,,,,,,,
a978035f-869c-4e61-a4af-e8a9d40a06f3,84,98,87,129,,,,y,,,,,,,,,,,,
38ca2b70-48f5-4897-a263-6be6e0443909,60,91,77,108,,,,,,,,,,,,,,,,
2575b2ff-c302-4057-90c3-00469e3f4a92,87,85,90,88,,,,,,,,,,,,,,,,
72c12343-da5f-498e-bc56-c8a45ecbb846,110,108,107,100,,,,,,,,,,,,,,,,
272bf828-addb-4ea9-9392-799ad6f66163,96,101,120,97,,,,,,,,,,,,,,,,
40e9728a-0445-44b4-861c-3b977cfa334f,100,114,119,88,,,,,,,,,,,,,,,,
6fb99160-72c3-41f1-af38-973e2b0c8655,112,97,95,104,,,,,,,,,,,,,,,,
f386ffcb-5618-47ca-962d-6d09f5389dd0,58,96,139,104,,,,,,,,,,,,,,,,
847b45a7-c409-4a50-8102-e61b229c3e67,82,109,104,113,,,,,,,,,,,,,,,,
9dc85dfb-3621-4685-945d-12a769545dc7,95,92,88,101,,,,,,,,,,,,,,,,
bca0d60c-6339-4ae4-8bb5-855fc873a130,102,110,96,117,,,,y,,,,,,,,,,,,
3251830d-7286-409b-b67a-4e46a6aa796e,108,117,74,118,,,,x,,,,,,,,,,,,
87aec095-da98-4f64-8941-69a4b9f61eae,103,79,94,104,,,,,,,,,,,,,,,,
f1f078f7-a18b-486e-9c9e-a28906c22b44,82,102,101,86,,,y,,,,,,,,,,,,,
31060782-feb8-4283-bc49-f87d4deadee0,126,100,112,116,,,,,,,,,,,,,,,,
f93eac45-f2da-4602-b432-3e4e97c0cc2a,83,104,110,122,,,,y,,,,,,,,,,,,
c6231e48-6256-4654-9ebf-4b291561f14e,110,72,104,121,,,y,,,,,,,,,,,,,
4a039011-4721-4405-9390-291caac80891,115,101,112,105,,,,,,,,,,,,,,,,
8138a918-7f2f-4c65-8cc4-bce4226f0019,103,99,104,107,,,,,,,,,,,,,,,,
fail 4 in turn: 48,,,,,,,,,,,,,,,,,,,,
ec4c0ae3-ba89-4a7c-829d-5c9c0f7b6064,109,109,89,85,,,,,,,,,,,,,,,,
34f8856c-452a-4c5e-a96b-bf38534fbd3c,112,101,100,102,,,,,,,,,,,,,,,,
70798209-db3d-491a-8b59-a5e66f34a38c,83,98,129,95,,,y,,,,,,,,,,,,,
6fe3f8df-ea9a-44d6-98d9-dc35cb3bec88,81,52,102,131,,,,,,,,,,,,,,,,
188b3320-8eb9-40f2-ad51-6fef2238f841,97,89,108,75,,,,,,,,,,,,,,,,
3f1bc0ed-9b95-4328-a572-8fd0158da155,99,110,105,122,,,,,,,,,,,,,,,,
c42698a4-b17f-4e36-a0e6-e04e036ed959,91,53,85,86,,,,,,,,,,,,,,,,
ea8e6404-4509-41f3-aac4-30ca066d247c,101,70,99,105,,,,,,,,,,,,,,,,
207fafb8-c4e4-42a9-a3cc-34f863ea9bb3,60,84,103,131,,,,,,,,,,,,,,,,
43513861-fde9-416e-8aa3-c401e578f20c,101,112,106,105,,,,,,,,,,,,,,,,
3359eef9-a25d-4c6a-a67e-249ac5fa7f05,129,116,116,100,,,,,,,,,,,,,,,,
b3c584e7-2649-450d-aa27-da261a00f8fc,101,147,120,96,,,,,,,,,,,,,,,,
08e8eeae-8a7d-49f0-865e-65d3b1ead19b,99,128,110,120,,,,,,,,,,,,,,,,
fail 4 in turn: 48,,,,,,,,,,,,,,,,,,,,
b2e58434-2fb1-46ca-900a-01670d8e9ac2,97,68,125,126,,,,,,,,,,,,,,,,
522c0427-3f39-4341-b928-1c0172cc59cb,95,90,120,75,,,,,,,,,,,,,,,,
76fb10b7-5ef2-4263-90c6-0fbc5467f2e0,111,64,102,134,,,,,,,,,,,,,,,,
514b5d88-6424-4962-8032-f6359ed3821f,105,80,84,108,,,,,,,,,,,,,,,,
6bcbd64c-d672-4e19-8433-47f81bd38080,82,86,78,104,,,,,,,,,,,,,,,,
6ff728c2-8822-493d-854d-aec173f9edf7,92,86,90,106,,,,,,,,,,,,,,,,
57f76aad-f6ba-4e2a-a7af-7168649ddddb,100,121,112,66,,,,,,,,,,,,,,,,
ae4b06af-a249-4931-b442-8290a016429f,91,99,109,107,,,,,,,,,,,,,,,,
34b89092-6268-4ee3-9e06-fcdd621ccdd9,108,134,139,122,,,,,,,,,,,,,,,,
553d61a3-8bd7-4376-aa11-ba117cad1fc2,85,63,93,88,,,,,,,,,,,,,,,,
e7e05a45-fcb3-4433-801e-1c7cc3358f32,129,88,132,114,,,,,,,,,,,,,,,,
08bdbd51-b87d-42eb-ad38-98be16f3d183,107,56,108,113,,,,,,,,,,,,,,,,
7759ad34-9a39-400f-9410-3cb1d6dcb213,88,84,101,116,,,,,,,,,,,,,,,,
1c028941-d2a6-4764-b705-0c2e854cb65e,122,104,90,112,,,,,,,,,,,,,,,,
aa44cce5-e826-49c5-87ca-4779c4409b80,87,125,93,110,,,,,,,,,,,,,,,,
5c4b54e6-f561-4247-9401-4fa40a5733eb,90,69,152,93,,,,,,,,,,,,,,,,
2cff9c41-1f3c-481a-b75d-2900e59d3664,73,97,105,103,,,,,,,,,,,,,,,,
f8a9777a-2fed-4f57-878c-f07b18a3595e,155,104,118,106,,,,,,,,,,,,,,,,
0a7dfd25-31d1-4ba1-8596-7774812c5b59,116,101,118,120,,,,,,,,,,,,,,,,
fail 4 in turn: 49,,,,,,,,,,,,,,,,,,,,
c8d69573-25f4-43f4-a57c-a7049c81f563,94,102,117,119,,,,,,,,,,,,,,,,
cae19735-4017-49c9-9be3-293e97c5c819,90,81,72,93,,,,,,,,,,,,,,,,
0fa97113-52d4-4800-b2f9-41db58c66d25,122,72,51,115,,,,,,,,,,,,,,,,
93bc80d7-7496-4ee9-b918-d1a706043762,126,108,115,120,,,x,,,,,,,,,,,,,
68c9adb0-434d-46a6-b30b-5f23f534d819,99,115,54,148,,,,,,,,,,,,,,,,
e5c8c505-f3dc-4888-a801-cd7e49042296,77,111,91,114,,,,,,,,,,,,,,,,
1782ada6-2f95-4ac1-97a9-f413461a9c9e,121,108,96,91,,,,,,,,,,,,,,,,
27b8a51f-4561-4b44-8243-63dde9ff19ac,91,104,87,119,,,,,,,,,,,,,,,,
632db562-d3c8-47c2-8fb3-50fe87d32178,124,97,90,108,,,,,,,,,,,,,,,,
443cd83d-b9a8-4a68-b543-3c46e910f235,119,86,99,69,,,,,,,,,,,,,,,,
30434c3e-4b7b-4d2d-89a2-174ea937ba1f,80,74,98,88,,,,,,,,,,,,,,,,
0d4a883c-09b7-409c-9e43-1f2d97b12705,109,126,111,119,,,,x,,,,,,,,,,,,
bb259ca4-0a53-4490-b41f-12cb5d0dcc41,92,82,93,102,,,,,,,,,,,,,,,,
e6e9f317-8994-42e2-8131-bbafdafa35d1,85,118,42,110,,,,,,,,,,,,,,,,
baabfeb1-897e-4da2-bb64-32ccc30954cb,82,99,86,94,,,,,,,,,,,,,,,,
ed9c32b7-7ad9-4b21-9931-d5c38a0006ba,108,95,85,105,,,,,,,,,,,,,,,,
a1d6514b-9c95-4e77-b008-af5553efbdda,64,71,93,80,92,,,,,,,,,,,,,,,
fail 5 in turn: 39,,,,,,,,,,,,,,,,,,,,
d6bc8640-8de1-43d9-a7bd-aa9a9253bd93,93,100,120,106,99,,,,,,,,,,,,,,,
3eb859bf-ca34-4fa7-a244-99e9e527d2ff,113,120,99,103,101,,,,,,,,,,,,,,,
6a7612d7-8ac3-40bc-923c-d1889d5cbdff,109,94,82,68,115,,,,,,,,,,,,,,,
85df75ef-1b73-43ee-b5db-7b0e9aa1592c,84,65,119,119,75,,,,,,,,,,,,,,,
fail 5 in turn: 41,,,,,,,,,,,,,,,,,,,,
d1eee30d-2563-4f93-9e30-914186d54dd7,80,93,115,109,117,,,,,,,,,,,,,,,
fc8ee669-9b80-4a6d-9f98-5dfdfbdac5cd,103,110,139,139,109,,,,,,,,,,,,,,,
67a7865f-56eb-4283-a3a8-b2e0e89b4775,97,60,106,73,118,,,x,,,,,,,,,,,,
fail 5 in turn: 38,,,,,,,,,,,,,,,,,,,,
4b89020a-bdcc-4412-a701-fa95d4ad7e86,95,109,73,85,77,,,,,,,,,,,,,,,
d5e80fab-2cce-4bbf-93f8-64ae4d5da244,70,106,111,84,87,,,,,,,,,,,,,,,
a30423cc-e6ec-4109-be52-1912bc1de444,116,127,106,95,105,,,,,,,,,,,,,,,
22fe7b5e-99f7-4808-8ca3-ef29395414e2,106,96,96,116,109,,,,,,,,,,,,,,,
bd73eb41-d975-41e0-94e4-64052e260ec8,119,129,72,96,112,,,,,,,,,,,,,,,
050d10e2-7b26-42ca-8ba3-cec437294d72,95,82,71,97,118,,,,,,,,,,,,,,,
a7357532-49fa-48d9-b2ce-888e96b84d6e,85,93,78,48,79,,,,,,,,,,,,,,,
31520948-9324-4dfa-b27d-74765ea921a6,92,81,75,109,99,,,,,,,,,,,,,,,
1e30b327-5454-414d-90f4-a9347fcc342b,77,96,80,95,97,,,,,,,,,,,,,,,
dd1cb139-3a6b-4523-a749-f3e6ec284897,118,93,94,108,102,,,,,,,,,,,,,,,
38744304-c314-4233-96e2-fd9bf6a970b6,83,83,108,97,101,,,,,,,,,,,,,,,
e44eebcf-24f2-4ba8-99c0-b87a235fa750,92,109,115,99,102,,,,,,,,,,,,,,,
6d3ed34a-a03d-4811-bfc5-0ab30e53b07f,79,102,96,104,101,,,,,,,,,,,,,,,
ca68e23a-3b1d-4c88-aee0-f5ee0ca7278a,66,65,78,96,116,,,,,x,,,,,,,,,,
56369f01-94cb-4129-a02f-c1c1091f28ca,100,92,104,98,114,,,,,,,,,,,,,,,
d9e45aaa-3e0b-4114-91de-e45d91edfaaf,97,102,56,116,133,,,,,,,,,,,,,,,
d477689d-51c3-40ef-9ef5-3628b24e0c5d,96,51,93,97,97,,,,,,,,,,,,,,,
0a566059-f857-4c1e-a947-541b0ce823d3,82,90,95,122,95,,,,,,,,,,,,,,,
2e7dff3d-ea65-4eee-9cd6-6fcdf9d791b0,48,85,89,85,104,,,,,,,,,,,,,,,
710585cb-1e9a-47f7-9940-501850f48890,57,102,86,101,55,,,,,,,,,,,,,,,
4c3c3c70-0133-447b-bff3-0721f5d43fde,80,91,94,98,109,,,,,,,,,,,,,,,
3e9fcbe9-2bdd-422a-8205-159f94b6450c,95,67,67,80,147,,,,,,,,,,,,,,,
3f924e35-17e8-49b9-906a-c252013d6003,94,105,71,96,105,,,,,,,,,,,,,,,
990a33b7-9fef-4779-8038-64b728ac9d67,119,133,106,112,107,,,,,,,,,,,,,,,
98425110-111d-40f4-8133-c0506f2ff221,105,118,70,106,100,,,,,,,,,,,,,,,
8e52573e-1cc5-4256-8caa-d7cc59a28faf,90,73,111,89,103,,,,,,,,,,,,,,,
8c4c3b24-09f1-408a-b465-62a9d0dd7bbb,69,77,88,77,82,,,,,,,,,,,,,,,
800360e7-96f2-4781-ad64-61a02b3da70f,106,116,103,79,106,,,,,,,,,,,,,,,
072c2c8c-163a-4670-a921-b46660793324,57,95,82,96,113,,,,,,,,,,,,,,,
85f8560b-7b73-4405-8a85-cb264459b9a6,64,96,115,90,119,,,,x,,,,,,,,,,,
fail 5 in turn: 44,,,,,,,,,,,,,,,,,,,,
d849720d-7ebc-4668-8b29-e4bb55955f8d,62,70,86,78,100,,,,,,,,,,,,,,,
8807da2c-98af-46fa-83f0-108d60df5009,88,87,127,90,109,,x,,,,,,,,,,,,,
9bcb7aeb-4042-4891-b6e7-de79c6e3f381,103,93,78,76,105,,,,,,,,,,,,,,,
a7191619-86da-4803-82a8-a70519a739b9,89,95,97,115,124,,,,,,,,,,,,,,,
a12222d4-2de0-4ad8-8aa2-b3624452d91f,114,162,104,119,118,,,,,,,,,,,,,,,
09f3d19b-92ec-470c-bcb0-e606ecfdd791,117,72,113,115,100,,,,,,,,,,,,,,,
fail 5 in turn: 36,,,,,,,,,,,,,,,,,,,,
3b834fbd-b248-4da2-935f-47a8b53d9f57,85,122,78,85,119,,,,,,,,,,,,,,,
4dad8ba1-3516-463f-ab27-1dc4adbd6e15,141,125,87,99,99,,,,,,,,,,,,,,,
00ede39c-7591-4d1c-90fb-0a2afa77251b,102,93,102,93,113,,,x,,,,,,,,,,,,
b67b1397-aff2-48a5-90d4-58fccb6f832a,108,83,88,100,96,,,,,,,,,,,,,,,
6005c3da-fd32-493d-980f-ec15a29b912d,108,106,98,100,93,,,,,,,,,,,,,,,
18577173-c904-41fe-9011-bd1513fb0b95,137,67,110,92,119,,,,,,,,,,,,,,,
8b6659d4-6cf3-4bfd-9d7e-2684f8220118,124,99,99,108,110,,,,,,,,,,,,,,,
00f77801-59cd-4f60-b633-ac2b1fb53862,45,99,78,95,86,,,,,,,,,,,,,,,
fbf880e8-dcbf-40eb-ba32-9a2ef0e1ee28,94,91,128,104,101,,,,,,,,,,,,,,,
fail 5 in turn: 42,,,,,,,,,,,,,,,,,,,,
98593973-1759-484d-bcea-74706b8c3f0c,66,94,91,102,100,,,,,,,,,,,,,,,
b101c87f-5541-45c6-9d27-3f649c1a6431,79,95,105,101,128,,,,,,,,,,,,,,,
9968ae65-9d73-4a76-b139-b014805a11f8,127,113,117,94,110,,,,,,,,,,,,,,,
587eb0fd-4bc4-430b-8454-3de8c85d5e72,90,93,93,116,112,,,,,,,,,,,,,,,
cddd317e-a33d-44c0-b96e-fdc21c8cad09,86,100,112,103,101,,,,,,,,,,,,,,,
a1dd3a7f-d12f-4bcc-b9d8-674a5bc0dd5e,104,107,97,95,103,,,,,x,,,,,,,,,,
47883ef8-aeb2-4e89-ba55-797217df64e4,81,136,99,117,92,,,,,,,,,,,,,,,
29a1eeaa-d039-473f-8e3d-85893b298d34,121,115,100,128,90,,,,,,,,,,,,,,,
ce49a086-cc42-4875-8918-a52edb895fcb,135,108,89,115,101,,,,,,,,,,,,,,,
89d62969-0deb-4656-9663-476486f19961,115,104,104,94,108,,,,x,,,,,,,,,,,
1a844a4a-45d1-47b7-9e49-8f8efde3df09,52,109,90,58,109,,,,,,,,,,,,,,,
a8e3513c-973e-4339-a148-0c45b4c84f5c,121,80,74,78,103,,,,,,,,,,,,,,,
a8abec6f-1432-4817-bdaa-4c5c8d2c6584,113,94,68,92,116,,,,,,,,,,,,,,,
b6d2f65a-1158-41e1-9e50-0d63f9986c99,104,105,83,46,103,,,,,,,,,,,,,,,
d579051e-75de-4021-9e85-adda573febc9,98,90,95,130,114,,,,,,,,,,,,,,,
8499b66e-6854-4247-bbf2-d0e21489c51d,110,61,119,89,105,,,,,,,,,,,,,,,
7f236c87-b575-4260-98f6-b5dcd3c684dd,134,86,99,95,83,,,,,,,,,,,,,,,
2d4c72be-60d1-4b63-bfdc-2f3a11525304,80,95,64,65,88,,,,,,,,,,,,,,,
75f08dff-b802-484a-b64b-69b823c151e9,77,134,83,111,99,,,,,,,,,,,,,,,
78d1647e-ecc5-45aa-8e91-8fc936cc5dc0,70,77,80,76,82,,,y,,,,,,,,,,,,
041d92a7-9e83-447c-849f-ba2ff639af72,105,108,94,123,124,,,,,,,,,,,,,,,
278c4fd9-701e-47b1-93fc-b36aae18c98a,95,89,100,120,98,,,,,,,,,,,,,,,
ffa45b56-d8e7-47c8-a272-d769d2e72901,106,99,106,106,112,,,,,,,,,,,,,,,
32398c1f-bca6-4a37-8729-fb8b5bda09ec,117,109,55,103,113,,,,,,,,,,,,,,,
4cf685f8-2ea6-4a3f-872a-9a110cf2d742,78,105,68,86,110,,,,,,,,,,,,,,,
4a80115a-195a-422a-97bb-cef04829a7d6,120,112,101,97,85,,,,,,,,,,,,,,,
3ea6188a-72bf-466e-8ad2-c7045b03247e,59,103,124,104,105,,,,,,,,,,,,,,,
e970c8c3-a2d0-457f-a0c8-288147fda7e1,86,115,90,97,91,,,,,,,,,,,,,,,
b834dcf8-72f8-4383-91af-c6bbe718ed8e,84,74,80,73,89,,,,,,,,,,,,,,,
e719d8c4-8c8a-45ac-9c7b-559621038916,94,106,98,103,73,,,,,,,,,,,,,,,
20ebacc4-d868-4602-800d-bda2843c630a,111,89,114,127,96,,,,,,,,,,,,,,,
dd842b1d-253c-4a1f-9b9f-ddc2836bea4c,88,91,79,92,115,,,,,,,,,,,,,,,
1d339ac3-bd61-4616-b126-bda51f6d38b6,80,70,91,56,112,,,,,,,,,,,,,,,
fcaffe9c-5b9c-4e53-98cf-0b151d3ba304,54,82,90,94,121,,,,,,,,,,,,,,,
096a3529-c4fb-4a37-bf8f-0febb5198719,123,115,53,61,100,,,,,,,,,,,,,,,
27667287-23d0-4157-ae56-bb00eb6fe2f6,99,119,101,81,112,,,,,,,,,,,,,,,
575bfd97-7b93-4e98-aea4-dc486f3b4ef5,108,111,102,93,106,,,,,,,,,,,,,,,
c3eca14b-9e45-4143-bc74-7ad085284b3e,100,90,77,88,84,,,,,,,,,,,,,,,
91b6109f-9aa3-40d5-9b54-be7742781876,114,141,106,110,104,,,,,,,,,,,,,,,
533f47f8-9e2c-4480-8b0f-0f6ed8d3b216,98,116,110,105,104,,,,,,,,,,,,,,,
d37984ec-84d0-47fd-b744-e09df78ce0f9,104,98,74,119,104,,,,,,,,,,,,,,,
8d54bc0a-b41c-41ca-8ece-0ada8d5f0090,71,88,91,75,102,,,x,,,,,,,,,,,,
76712a91-3cb8-44ad-a884-a4b2401c588d,117,95,57,94,121,,,,,,,,,,,,,,,
d675368c-0f5c-4031-bbbf-1363d72ab6b5,73,91,92,101,87,,,,,,,,,,,,,,,
0b7b71bc-e4c0-4795-b059-4687a82f1c36,130,99,68,97,117,,,,,,,,,,,,,,,
96017c0d-680a-4c7a-bc05-839b65120340,89,93,63,61,89,,,,,,,,,,,,,,,
48ff7685-31d3-4f86-9269-7edb9b065055,119,92,119,94,78,,,,,,,,,,,,,,,
3649219e-ef8d-4eb0-aa6d-1a4b0a37501c,90,125,86,90,111,,,,,x,,,,,,,,,,
58ca241d-d472-4709-91b6-75b150c8ab6e,90,105,132,62,98,,,,,,,,,,,,,,,
019f8eaf-bbaa-410f-b62f-ce6ebc5ed832,76,104,111,80,81,,,,,,,,,,,,,,,
bf28f2f3-7383-4bfe-ba03-97af2cde5292,115,86,89,100,100,,,,,,,,,,,,,,,
a567b441-c9fd-47fd-a0bc-26f6884d51ba,102,122,86,118,105,,,,,,,,,,,,,,,
fafd8f19-90d8-4593-bcea-885e11d2e896,86,114,93,115,107,,,,,,,,,,,,,,,
fail 5 in turn: 43,,,,,,,,,,,,,,,,,,,,
bf27cad2-bea7-4169-af12-8531a309ae1e,90,114,98,109,72,,,,,,,,,,,,,,,
751c58f5-ff04-4a39-9852-7cf8866c65e9,94,78,77,97,112,,,,,,,,,,,,,,,
eb1b1500-56dc-4691-98f6-93d030165069,71,77,75,102,86,,,,,,,,,,,,,,,
4a07ced9-1eb4-4adc-af33-c0ac6abc47f4,112,89,107,96,101,,,,,,,,,,,,,,,
fail 5 in turn: 38,,,,,,,x,,,,,,,,,,,,,
14fe8a0c-4426-4628-aa21-4bae9f0364c8,83,78,102,97,126,,,,,,,,,,,,,,,
c37b158a-0de8-48c3-bbbc-a6178d497f02,94,97,80,97,86,,,,,,,,,,,,,,,
dbc9f115-c6ed-4de0-bb4e-757815197dfc,166,79,104,118,109,,,,,,,,,,,,,,,
ad8fba96-0eb5-4e3d-95af-ae25d78537a3,87,106,85,97,85,,x,,,,,,,,,,,,,
70de61ee-df67-4dc1-95c3-7041931971b3,100,85,84,91,106,,,,,,,,,,,,,,,
f9f7a23b-9ec6-4e35-9917-17a73015be40,53,88,70,77,102,,,,,,,,,,,,,,,
70326279-319b-4c0f-bb36-233c799b5151,95,71,106,91,115,,,,,,,,,,,,,,,
756ae35b-55e8-46d2-9d53-a07e2b3cd1b2,88,89,119,110,103,,,,,,,,,,,,,,,
fail 5 in turn: 40,,,,,,,,,,,,,,,,,,,,
f009a0a9-1bda-4517-b3e3-3d0ccbedfefd,86,99,80,106,102,,,,,,,,,,,,,,,
ec6f1139-79f4-4dab-8f58-49ef8e3ab5de,98,85,116,103,115,,,,,,,,,,,,,,,
92423b58-bf44-4c53-815c-2b07abcced03,126,96,73,106,91,,,x,,,,,,,,,,,,
f175cfe9-068a-4c0c-9296-8f0853a62f5d,92,70,102,101,87,,,,,,,,,,,,,,,
fail 5 in turn: 34,,,,,,,,,,,,,,,,,,,,
c044ede3-a502-4048-aa59-27ea42ac69a1,74,86,70,113,88,,,,,,,,,,,,,,,
fail 5 in turn: 41,,,,,,,,,,,,,,,,,,,,
36f5f217-9d38-4b73-8b08-a20e6e1eea13,103,146,95,119,121,,,,,,,,,,,,,,,
c34710fa-6d60-46df-893f-f0081661334b,131,114,74,117,100,,,,,,,,,,,,,,,
8443b814-d2d7-4ed2-bb5d-dc51375ac00b,122,87,77,86,105,,,,,,,,,,,,,,,
565204ee-47c0-4a1a-a17c-dea3828a9d5a,69,99,96,91,113,,,,,,,,,,,,,,,
574c3be9-d7cb-4182-876c-71f05f09d4d8,131,42,77,106,106,,,,,,,,,,,,,,,
1c5fd632-ad75-49b7-93e9-561fe6bb9bff,108,64,87,114,92,,,,,x,,,,,,,,,,
fail 5 in turn: 40,,,,,,,,,,,,,,,,,,,,
a17011eb-eaf0-4bfc-a15e-bbe3e4e65787,95,102,93,118,122,,,,,,,,,,,,,,,
e8ed61ab-c565-4382-870a-5891eda1e456,78,130,63,104,103,,,,,,,,,,,,,,,
bde6971a-5373-48b1-913f-9c6afb4420d8,88,69,100,81,95,,,,,,,,,,,,,,,
60fb3c85-9459-4f6e-b257-c0b861249f66,73,86,83,75,96,,,,,,,,,,,,,,,
da2f2551-d125-4a91-8706-625476e51115,95,75,91,61,119,,,,,,,,,,,,,,,
5da92450-ad25-4f7d-97d3-c4d6debe110e,119,87,116,88,101,,,,,,,,,,,,,,,
ccbd8ce6-e4bb-4220-baf1-a01e3b3fa8c2,92,88,124,97,97,,,,,,,,,,,,,,,
cf92e812-a601-420e-beba-4e699b7a0727,103,114,128,80,101,,,,,,,,,,,,,,,
4cbb33ab-b343-4de5-85d3-4b033aa65324,74,50,98,65,81,,,,,,,,,,,,,,,
13e53f1e-e9ba-4687-ac39-0763c6aa670a,102,100,88,98,94,,,,,,,,,,,,,,,
859d4c6f-e374-438f-9bff-976702675bec,100,108,85,117,105,,,,,,,,,,,,,,,
0675db38-f2ab-4008-99d5-9e6c7a8d380e,67,117,99,105,85,,,,,,,,,,,,,,,
5c131652-7873-4f0e-b5b7-cb4bb015e494,107,112,101,79,98,,,,,,,,,,,,,,,
5e4793c0-cc97-47f2-9c70-f67d28d3b38b,44,77,93,122,114,,,,,,,,,,,,,,,
f8c3e0f5-8403-422f-bc48-e9bd31b646bc,92,105,85,86,95,,,,,,,,,,,,,,,
359ed5eb-dad7-4849-a958-0775624efb1d,105,75,80,99,102,,,,,,,,,,,,,,,
584ab798-f82b-4c35-8d40-12ed2f567adb,63,87,117,83,107,,,,,,,,,,,,,,,
0b61f18c-f7ba-406d-bfea-103fdd656b13,113,87,102,106,108,,,,,,,,,,,,,,,
43cdf418-d808-44ab-a5ba-1544697137f0,51,110,100,123,106,,,,,,,,,,,,,,,
71c88384-24e9-48dc-a88b-bf4ca2eeea10,107,104,95,97,99,,,,,,,,,,,,,,,
d1416935-dfdd-46e7-9f3c-4ee47cae2c5a,99,87,132,89,91,,,,,,,,,,,,,,,
d4755dff-532c-4946-9832-73a793d731df,75,50,107,98,90,,,,,,,,,,,,,,,
0b5bd1ea-bc2c-452f-93c4-de216d856039,78,62,93,100,95,,,,,,,,,,,,,,,
6f470683-bbcd-45df-8a6e-84d1b926c32b,61,116,91,59,110,,,,,,,,,,,,,,,
94e95ad9-93a7-4995-91fd-38935dc47241,108,86,78,113,116,,,,,,,,,,,,,,,
9ca480bd-b5c5-43bb-be22-e43212e21c88,93,69,86,101,80,,,,,,,,,,,,,,,
fail 5 in turn: 42,,,,,,,,,,,,,,,,,,,,
4cf45c4d-9093-4d42-aa35-1fa86a4774a5,91,82,105,110,111,,,,,x,,,,,,,,,,
be3bfcf8-2b6f-492c-a0a0-82402cc103a9,77,104,78,120,100,,,,,,,,,,,,,,,
8ce0263c-85b5-4a7e-b776-b795b6c30db9,76,67,75,95,92,,,,,,,,,,,,,,,
bba87751-603b-4624-901f-6575b0eaebda,100,107,83,99,110,,,,,,,,,,,,,,,
b43b9b84-7747-4df6-9d2d-d6e91e4857ef,95,95,116,112,104,,,,,,,,,,,,,,,
f6d75e95-262c-4082-ba4f-87bcb14efb9b,81,99,140,95,104,,,,,,,,,,,,,,,
42611a8e-0b5f-47cd-9d30-40a8e23619c3,98,115,84,102,99,,,,,,,,,,,,,,,
cefb7522-5c06-4f34-8395-c7a8c8da821c,107,109,57,68,118,,,,,,,,,,,,,,,
fail 5 in turn: 43,,,,,,,,,,,,,,,,,,,,
267d6f9a-5cdb-46b0-bb04-73bfa048b4c6,75,87,93,66,110,,,,,,,,,,,,,,,
621ae6c2-c4d0-4882-84bf-a5fa5c39b6a4,84,62,108,106,81,,,,,,,,,,,,,,,
791b9f2f-d794-43e0-b5bf-ead652809f01,67,66,47,67,86,,,,,,,,,,,,,,,
109c7c28-599a-4a97-b168-0e94cf1865be,80,94,86,108,99,,,,,,,,,,,,,,,
908d873f-5f11-4894-8d86-32644a2966c9,102,98,70,81,100,,,,,,,,,,,,,,,
2297ff13-81be-42df-a72c-955c03b60f23,74,132,113,101,180,,,,,,,,,,,,,,,
5a518bbf-a092-4526-a8b0-0a2fbb48afae,97,77,78,100,98,,,,,,,,,,,,,,,
2bb651cf-e309-48b9-9ffe-29e6ec843bab,130,115,106,81,100,,,,,,,,,,,,,,,
09c0ade1-4616-4f77-a23a-e2ac0df261f9,100,91,135,77,103,,,,,,,,,,,,,,,
c363259a-cc90-45cb-aced-7b83d943b995,111,79,99,104,103,,,,,,,,,,,,,,,
fd39d42f-c4b2-4f99-a976-e3e444f89e62,87,115,104,81,107,,,,,,,,,,,,,,,
fe7384a5-e95d-4eee-91fc-4dce584c6509,97,120,106,121,101,,,,,,,,,,,,,,,
df185cef-c794-4e2e-aec2-6a08ff889f67,123,40,100,107,116,,,,,,,,,,,,,,,
5c399098-93d1-49c5-9c71-856ba6aa3857,49,123,57,81,115,,,,,,,,,,,,,,,
fail 5 in turn: 44,,,,,,,,,,,,,,,,,,,,
fail 5 in turn: 40,,,,,,,,,,,,,,,,,,,,
a7063872-12f3-4224-8e87-63bf5a4c1418,79,93,74,121,129,,,,,,,,,,,,,,,
5025a4c6-dd8c-47ec-a7e6-bfe01ff77274,112,99,108,91,117,,,,,,,,,,,,,,,
f356747e-63b4-43df-a24a-ff65529f0811,139,80,95,126,95,,y,,,,,,,,,,,,,
d6b7a8cf-9409-4ae7-948a-1667e167dbf5,111,119,110,113,107,,,,,,,,,,,,,,,
2871f63d-8d7d-4c46-8343-840b5a947303,88,110,98,94,110,,,,,,,,,,,,,,,
8c4f0ced-a05b-4315-8a0a-143c6e50dd45,113,67,116,112,114,,,,,,,,,,,,,,,
fail 5 in turn: 41,,,,,,,,,,,,,,,,,,,,
b74851c1-44d5-49d5-8e0b-d89cbdcedfaa,91,89,62,104,116,,,,,,,,,,,,,,,
53f7c789-a2cd-49a2-b831-2eacf662a7cc,67,85,90,67,95,,,,,,,,,,,,,,,
a96f75e5-250c-42a4-b1d1-39f31e86673a,114,100,125,159,104,,,,,,,,,,,,,,,
302e637b-7639-4843-a34c-fc1322a18e90,83,68,70,77,105,,,,,,,,,,,,,,,
bdd523c4-aaa2-4e3d-b850-270ee85c0f5b,106,113,103,77,106,,,,,,,,,,,,,,,
76d553e3-1a49-4c5b-ab5e-82532b99a899,111,97,99,89,135,,,,,,,,,,,,,,,
484a805c-e067-46ad-ba8c-80433e835e74,117,90,82,83,95,,,x,,,,,,,,,,,,
fd5d41a8-2634-4425-843d-d4178a0d9a1e,70,94,99,107,96,,,,,,,,,,,,,,,
d4fd00d9-e52e-4b56-88d6-6eb94c4901f9,82,87,96,72,82,,,,,,,,,,,,,,,
c7cc20c4-e0f6-47f9-8b6b-5ffaf63c9880,102,98,105,133,109,,,,,,,,,,,,,,,
9dc031d3-787f-44b2-8d39-994b533a75c4,105,79,94,80,71,,,,,,,,,,,,,,,
7a5ee915-8495-404f-8a7b-b18405ef9fc9,109,71,115,125,88,,,,,,,,,,,,,,,
d264e8e8-6f35-4505-bd49-e5c66510151c,77,87,96,68,102,,,,,,,,,,,,,,,
cc82f295-20b9-48d6-835a-9b0ae36f05fc,100,113,116,84,100,,,,,,,,,,,,,,,
959af7c4-4cd8-49e7-a0ce-8cfdcfa6087a,98,84,64,98,93,,y,,,,,,,,,,,,,
fail 5 in turn: 38,,,,,,,,,,,,,,,,,,,,
d71c45a1-4040-47da-9879-9a19cb795ec8,71,131,74,100,114,,,,,,,,,,,,,,,
3d701ebe-f6d3-4775-b06c-92c3c899ba88,110,82,86,126,109,,,,,,,,,,,,,,,
c4f2fc3d-82d8-4c9f-a079-26c0d7518c0e,91,70,97,91,108,,,,,,,,,,,,,,,
99709956-01bc-4892-b257-62b683f3561f,129,104,117,91,116,,,,,,,,,,,,,,,
2a3ea84b-af57-4afd-a8a9-766934abef67,103,58,104,111,84,,,,,,,,,,,,,,,
fail 5 in turn: 44,,,,,,,,,,,,,,,,,,,,
7fa57ed7-79f5-4c97-ab31-fa5eef348d25,94,84,102,101,92,,,,,,,,,,,,,,,
fail 5 in turn: 42,,,,,,,,,,,,,,,,,,,,
6887558c-98be-4b2e-8785-c1565e11e2dd,65,118,106,106,102,,,,,,,,,,,,,,,
1e06dcf2-0282-492f-b40a-c2341502b898,46,75,98,91,127,,,,,,,,,,,,,,,
fail 5 in turn: 41,,,,,,,,,,,,,,,,,,,,
2ec7886c-d97c-456a-9774-6df08d346816,100,115,101,69,92,,,,,,,,,,,,,,,
cf53c661-d40f-47c6-8a07-31406a149c14,92,108,96,109,97,,,,,,,,,,,,,,,
d55cecda-61e3-4483-b1fb-741c784a7f15,105,113,105,95,125,,,,,x,,,,,,,,,,
814bb63d-aa80-49a6-92bd-619326d48f55,104,124,97,102,124,,,,,,,,,,,,,,,
3c805d87-7ba8-42f8-a8c8-3fb35de4ba1c,79,66,66,74,84,,,,,,,,,,,,,,,
fail 5 in turn: 45,,,,,,,,,,,,,,,,,,,,
6eb505e9-1329-42d6-b8f0-2125083fd28f,69,92,95,78,105,,,,,,,,,,,,,,,
556f5f13-9ae4-44f1-8df4-85dc02d98f07,126,115,89,114,86,,,y,,,,,,,,,,,,
83de0964-3c61-4af3-a787-9d44130000a5,111,109,76,116,97,,,,,,,,,,,,,,,
a2f34b52-84f8-4097-9bb1-aa3fe4e83ee4,130,119,102,96,98,,,,,,,,,,,,,,,
b60a882c-3987-4297-9037-b3a39bf6746b,98,80,58,77,113,,,,,,,,,,,,,,,
d15658fd-ec20-4e78-83c6-c2ddc707ecf4,122,143,104,127,91,,,,,,,,,,,,,,,
9ce8b9ba-25eb-4335-b699-e27c4f8a6da5,116,83,106,108,104,,,,,,,,,,,,,,,
fail 5 in turn: 44,,,,,,,,,,,,,,,,,,,,
d82b9922-ccbf-4ecb-ba57-2adb49292d98,96,84,108,73,87,,,,,,,,,,,,,,,
f2a5f795-88ac-4347-bbf4-f3b9c2d97730,121,69,100,97,115,,x,,,,,,,,,,,,,
8df74745-2be5-4e63-b078-4c60a4688ceb,117,101,75,99,84,,,,,x,,,,,,,,,,
ab81c9d3-934f-4b49-af90-bc329e52435b,114,62,67,112,121,,,,,,,,,,,,,,,
f03bbf61-394c-4332-9da2-d7f5affd5503,83,96,112,58,97,,,,,,,,,,,,,,,
f714e223-dcdf-4e91-99aa-d3e9b12af8c0,71,33,97,96,83,,,,,,,,,,,,,,,
eff3673d-31da-4676-8d16-c8f8d424c961,102,115,99,99,129,,,,,,,,,,,,,,,
ee45f8cd-d597-4e70-a12c-48063ef1d46e,100,52,117,68,118,,,,,,,,,,,,,,,
70e08064-5003-47d5-b138-4d72b4fde4f2,101,101,123,57,102,,,,,,,,,,,,,,,
6dfd9ce5-3f13-457a-a484-14e3eb177342,82,107,86,70,77,,,,,,,,,,,,,,,
73f4efdd-dec9-4da8-95b8-6f7ebe0cb1ae,118,119,104,99,106,,,,,,,,,,,,,,,
49eba6c6-55c3-423a-a51c-9a76c035124e,87,98,58,59,104,,,,,,,,,,,,,,,
fail 5 in turn: 38,,,,,,,,,,,,,,,,,,,,
c8d5faf8-a033-4891-82e7-d7753be30f93,76,105,104,100,84,,,,,,,,,,,,,,,
a9f00cca-d8ab-459a-95e6-2964fcdd0a2f,94,108,107,91,114,,,,,y,,,,,,,,,,
4e4604b4-2878-4f69-b40e-5ed477775111,92,45,99,92,97,,,,,,,,,,,,,,,
47553add-aaaa-41e1-a3bc-bac7eabdc886,86,119,75,97,109,,,,,,,,,,,,,,,
cbe4d114-c95e-41c6-b917-e8491af06a51,105,62,81,86,89,,,,,,,,,,,,,,,
d57b18ba-9988-48d4-92f4-6aa117bd3fde,123,15,89,80,92,,,,,,,,,,,,,,,
,,,,,,,,,,,,,,,,,,,,
,,,,,,,,,,,,,,,,,,,,
,,,,,,,,,,,,,,,,,,,,
,,,,,,,,,,,,,,,,,,,,
,,,,,,,,,,,,,,,,,,,,
,,,,,,,,,,,,,,,,,,,,
,,,,,,,,,,,,,,,,,,,,
,,,,,,,,,x,,,,,,,,,,,
